name,artist,album_name,release_date,lyrics
Kya Karoon?,Shankar-Ehsaan-Loy,Wake Up Sid (Original Motion Picture Soundtrack),2009-08-21,आ आ आ आ मैं लड़की ऐसे जो सजाके बाहर जाए पीछे पद जाए शहर के लडके सारे रूप मेरा ऐसा है के मारे लश्करे एक नजर से दीवाने हो जाए सारे कोई मुझे न भाये पर मैं किसी की होना चाहु है मैं क्या करून है मैं क्या कहूँ है मैं क्या करून है मैं क्या कहूँ बताओ क्या करून है मैं क्या कहूँ ो रब्बा क्या करून है है क्या कहूँ जबसे मुझपे चढ़ी जवानी हो गयी बेकाबू अब्ब किसी की न मानु जो मैं चाहे मैं करू जबसे मुझपे चढ़ी जवानी हो गयी बेकाबू अब्ब किसी की न मानु जो मैं चाहे मैं करू खुद पे कोई जोर नहीं चलता है अब्ब मेरा तोह है मैं क्या करून है मैं क्या कहूँ है मैं क्या करून है मैं क्या कहूँ ो रब्बा क्या करून है मैं क्या करून बताओ क्या करून है है क्या कहूँ कोई इक चेहरा मेरे सपनो में आता है आके मेरे मैं में इक हलचल मचाता है कोई इक चेहरा मेरे सपनो में आता है आके मेरे मैं में इक हलचल मचाता है लाखन इन् दीवानो में उसी को मैं चाहु है मैं क्या करून है मैं क्या कहूँ है मैं क्या करून है मैं क्या कहूँ बताओ क्या करून है मैं क्या कहूँ ो रब्बा क्या करून है मैं क्या कहूँ मैं लड़की ऐसे जो सजाके बाहर जाए पीछे पद जाए शहर के लडके सारे रूप मेरा ऐसा है के मारे लश्करे एक नज़र से दीवाने हो जाए सारे कोई मुझे न भाये पर मैं किसी की होना चाहु है मैं क्या करून है मैं क्या कहूँ है मैं क्या करून है मैं क्या कहूँ बताओ क्या करून है मैं क्या कहूँ ो रब्बा क्या करून है है क्या कहूँ
Iktara,Amit Trivedi,Wake Up Sid (Original Motion Picture Soundtrack),2009-08-21,ो रे मनवा तू तो बावरा है तू ही जाने तू क्या सोचता है तू ही जाने तू क्या सोचता है बावरे क्यों दिखाए सपने तू सोते जागते जो बरसें सपने बूँद बूँद नैनों को मूँद मूँद नैनों को मूँद मूँद जो बरसें सपने बूँद बूँद नैनों को मूँद मूँद कैसे मैं चलूँ देख न सकूं अनजाने रास्ते गूंजा सा है कोई एक्टर इकतारा गूंजा सा है कोई एक्टर गूंजा सा है कोई एक्टर इकतारा गूंजा सा है कोई एक्टर गूंजा सा है कोई एक्टर इकतारा गूंजा सा है कोई एक्टर गूंजा सा है कोई एक्टर इकतारा गूंजा सा है कोई एक्टर सुन रही हूँ सुधबुध खो के कोई मैं कहानी पूरी कहानी है क्या किसी है पता मैं तो किसीकी हो के यह भी न जानी रूत है यह दो पल की या रहेगी सदा किसे है पता किसे है पता जो बरसें सपने बूँद बूँद नैनों को मूँद मूँद नैनों को मूँद मूँद जो बरसें सपने बूँद बूँद नैनों को मूँद मूँद कैसे मैं चलूँ देख न सकूं अनजाने रास्ते गूंजा सा है कोई एक्टर इकतारा गूंजा सा है कोई एक्टर गूंजा सा है कोई एक्टर इकतारा गूंजा सा है कोई एक्टर गूंजा सा है कोई एक्टर इकतारा गूंजा सा है कोई एक्टर गूंजा सा है कोई एक्टर इकतारा गूंजा सा है कोई एक्टर
Love You Zindagi,Amit Trivedi,Dear Zindagi (Original Motion Picture Soundtrack),2016-11-15,जो दिल से लगे उसे कह दो ही ही ही जो दिल न लगे उसे कह दो बाई बाई बाई आने दो आने दो दिल में आ जाने दो कह दो मुस्कराहट को ही ही ही ही जाने दे जाने दो दिल से चले जाने दो कह दो घबराहट को बाई बाई बाई बाई बाई बाई लव यू ज़िन्दगी लव यू ज़िन्दगी लव यू ज़िन्दगी लव में ज़िन्दगी वो ू कभी हाथ पकड़ के तू मेरा चल दे चल दे कभी हाथ छुड़ा के मैं तेरा चल दूँ चल दूँ मैं थोड़ी सी मूडी हूँ तू थोड़ी सी टेढ़ी है क्या खूब ये जोड़ी है तेरी मेरी आने दो आने दो दिल में आ जाने दो केहदो मुस्कराहट को ही ही ही ही जाने दे जाने दो दिल से चले जाने दो केहदो घबराहट को बाई बाई बाई बाई बाई बाई लव यू ज़िन्दगी लव यू ज़िन्दगी लव यू ज़िन्दगी लव में ज़िन्दगी लव यू ज़िन्दगी लव यू ज़िन्दगी लव यू ज़िन्दगी लव में ज़िन्दगी
Shaitan Ka Saala ,Sohail Sen,"Shaitan Ka Saala (From ""Housefull 4"")",2019-10-07,इंग्लिश बाला बाला बाला बाला बाला बाला बाला बाला बाला बाला बाला बाला बाला बाला बाला बाला बाला शैतान का साला बाला बाला रब ने है पाला बाला बाला शैतान का साला बाला बाला रब ने है पाला सब कहें मुझे शैतान का साला बाला बाला बाला बाला लूटो लूटो लूटो लूटो जाप्ता हु माला बाला बाला बाला बाला सब कहें मुझे शैतान का साला बाला बाला बाला बाला लोग बोलेन बाला क्या चीज़ है साला बाला बाला बाला लोग बोलेन बाला क्या चीज़ है साला रब ने है पाला बोले बेटी मौसी खला गोर से गोर का मुंह करता हु काला खुद की दिवाली और औरों का दिवाला बाला बाला बाला छिछोरी पाठशाला बाला बाला बाला बाला कीड़ा ऑफ़ थे नाला बाला बाला खता हु मैं मुर्गा दाल के मसाला गरीबों के मुंह से छिनु मैं निवाला बाला बाला बाला बाला पेग पटियाला बाला बाला बाला बाला कीड़ा ऑफ़ थे नाला बाला बाला बाला बाला शैतान का साला बाला बाला छिछोरी पाठशाला बाला बाला शैतान का साला बाला बाला अरे रब ने है पाला बाला बाला शैतान का साला बाला बाला छिछोरी पाठशाला
Samjhawan  ,Jawad Ahmad,"Samjhawan (Unplugged by Alia Bhatt) [From ""Humpty Sharma Ki Dulhania""]",2014-06-19,इंग्लिश नहीं जीना तेरे बाजू नहीं जीना नहीं जीना नहीं जीना तेरे बाजू नहीं जीना नहीं जीना नहीं जीना तेरे बाजू नहीं जीना नहीं जीना नहीं जीना तेरे बाजू नहीं जीना नहीं जीना मैं तनु समझावण की न तेरे बिना लगदा जी मैं तनु समझावण की न तेरे बिना लगदा जी तू की जाने प्यार मेरा मैं करून इंतज़ार तेरा तू दिल तुई योन जान मेरी मैं तनु समझावण की न तेरे बिना लगदा जी तू की जाने प्यार मेरा मैं करून इंतज़ार तेरा तू दिल तुई यो जान मेरी मैं तनु समझावण की न तेरे बिना लगदा जी मेरे दिल ने चुन लिया ने तेरे दिल दियां राहन तू जो मेरे नाल तू रहता तुरपे मेरियाँ साहा जीना मेरा हाय हूँ है तेरा की मैं कारण तू कर ऐतबार मेरा मैं करून इंतज़ार तेरा तू दिल तुई योन जान मेरी मैं तनु समझावण की न तेरे बिना लगदा जी
Love You Zindagi,Amit Trivedi,Dear Zindagi (Original Motion Picture Soundtrack),2016-11-15,जो दिल से लगे उसे कह दो ही ही ही जो दिल न लगे उसे कह दो बाई बाई बाई आने दो आने दो दिल में आ जाने दो कह दो मुस्कराहट को ही ही ही ही जाने दे जाने दो दिल से चले जाने दो कह दो घबराहट को बाई बाई बाई बाई बाई बाई लव यू ज़िन्दगी लव यू ज़िन्दगी लव यू ज़िन्दगी लव में ज़िन्दगी वो ू कभी हाथ पकड़ के तू मेरा चल दे चल दे कभी हाथ छुड़ा के मैं तेरा चल दूँ चल दूँ मैं थोड़ी सी मूडी हूँ तू थोड़ी सी टेढ़ी है क्या खूब ये जोड़ी है तेरी मेरी आने दो आने दो दिल में आ जाने दो केहदो मुस्कराहट को ही ही ही ही जाने दे जाने दो दिल से चले जाने दो केहदो घबराहट को बाई बाई बाई बाई बाई बाई लव यू ज़िन्दगी लव यू ज़िन्दगी लव यू ज़िन्दगी लव में ज़िन्दगी लव यू ज़िन्दगी लव यू ज़िन्दगी लव यू ज़िन्दगी लव में ज़िन्दगी
Tu Hi Hai,Amit Trivedi,Dear Zindagi (Original Motion Picture Soundtrack),2016-11-15,तू तू ही है तू ही है तू तू ही है तू ही है जो मेरी नींदे उदा के चली जाती है जो मेरे ख़्वाबों में एके चली जाती है जो मेरा दर्द बड़ा के चली जाती है जो मेरा दर्द बड़ा के चली जाती है तू तू ही है तू ही है तू तू ही है तू ही है तू तू ही है तू ही है तू तू ही है तू ही है जो कोई आग लगा के चला जाता है जो कोई शोला भड़काके चला जाता है जो मेरा दिल धड़काके चला जाता है जो मेरे पास में आके चला जाता है तू तू ही है तू ही है तू तू ही है तू ही है आ मैं तेरे होटों के फूल खिला दूँ आ मैं तेरे प्यार का तुझको सिला दूँ आ मैं तेरे यादों की दुनिया सजा दूँ आ मैं तेरी बाहों में उम्र बिता दूँ जानेमन जाने जान तू जहाँ मैं वहां जो मेरे होश गावं के चला जाता है जो मेरे ज़ुल्फ़ सजाके चला जाता है जो कुछ कस्मे भुला के चला जाता है जो कुछ वाडे निभा के चला जाता है तू तू ही है तू ही है तू तू ही है तू ही है मुझको तूने छेड़ा है नयी प्यास देके मैं तो खाती हूँ दिन तेरा नाम लेके तेरी इन अदाओं की कोई डोर खींचे मैं तो चला आता हूँ तेरे पीछे पीछे तूने क्या कह दिया भड़का यह जिया जो कभी मुझको हँसा के चली जाती है जो कभी बातें बना के चली जाती है जो कभी मुझे तड़पा के चली जाती है जो कभी दिल को जला के चली जाती है तू तू ही है तू ही है तू तू ही है तू ही है जो कोई आग लगा के चला जाता है जो कोई शोला भड़काके चला जाता है जो मेरा दिल धड़काके चला जाता है जो मेरे पास में आके चला जाता है तू तू ही है तू ही है तू तू ही है तू ही है
Manja,Amit Trivedi,Celebrate Kai Po Che (Original Motion Picture Soundtrack),2013-07-10,ऐसी धूपं विच कम् करके वि तेरे सरे छह पुगौँडे रहे तैथों आसान विच कम् करके वि सद्दा क्यों न दर्द वृंदा होया ऐसी चार खाना दे इक कमरे विच पलंग दही तेरे सोएं लायी तथा पंज रोमा दे घर दे विच सादा इक मांजा ना अड्डा होया तथा पंज रोमा दे घर दे विच सादा इक मांजा ना अड्डा होया तैनू सरे मेले मोड़ेया उत्ते चूक के रहा दिखाउँदा मैं भार भार के पानी खुई तोह तैनू मॉल मॉल रहा नादौन्दा रहा तथा भरके ना कड़े टूटी तो भरके न कड़े टूटी तो पानी डा कप फाड़ा होया तथा पंज रोमा दे घर दे विच सादा इक मांजा ना अड्डा होया तथा पंज रोमा दे घर दे विच सादा इक मांजा ना अड्डा होया तैनू चड्डा जड़ों बुखार कड़े सिर्र गिल्लियां पत्तियां धारड़ी रही माँ पत् हुँदा ऐ दिल मेरा भेज मुँह मुहरे बुक्क करदी रही सिर्र ओहदा वि तन दुखड़ा हो ओहदा वि तन दुखड़ा हो तथा खबर लाइन न आ होया तथा पंज रोमा दे घर दे विच सादा इक मांजा ना अड्डा होया तथा पंज रोमा दे घर दे विच सादा इक मांजा ना अड्डा होया ोथे डॉलर नहीं रुपैये सी पर पट मार्जने चेंज सी कई वार लगे अमेरिका तोह ऐसी पिंड फढ़ाने चेंज सी दिल करदा ऐ मूड जाइये दिल करदा के मूड जाइये इसी उम्र कीड़े तोह जा होया तथा पंज रोमा दे घर दे विच सादा इक मांजा ना अड्डा होया हसी चार खाना दे इक कमरे विच पलंग दही तेरे सोन लायी तथा पंज रोमा दे घर दे विच सादा इक मांजा ना अड्डा होया तथा पंज रोमा दे घर दे विच सादा इक मांजा ना अड्डा होया
Shubhaarambh,Amit Trivedi,Celebrate Kai Po Che (Original Motion Picture Soundtrack),2013-07-10,रंगी परोधा ावी खुशियां संग लावी हरखाये हैयु हाय हाय रंगी परोधा ावी खुशियां संग लावी हरखाये हैयु हाय हाय ाश नई किरणों विखराये उमंग ऐवी छकाए मन हार्वे थी गुनगुनाये हाय हाय हाय हे शुभारम्भ हो शुभारम्भ मंगल बेला आयी सपनों की देहरी पर दिल की बाजी रे शहनाई शहनाई शहनाई हे शुभारम्भ हो शुभारम्भ मंगल बेला आयी सपनों की देहरी पर दिल की बाजी रे शहनाई शहनाई ख़्वाबों के बीज कच्ची ज़मीं पे हमको तो बोना है आशा के मोती साँसों के माला हमको पिरोना है अपना बोझा मिल के साथी हमको धोना है शहनाई शहनाई शहनाई रास रचीलो साज सजिलो शुभ घडी छे ावी अच्छा अच्छा तमतमाता सामना ओछे लावी ो लावी हो लावी रंगी परोधा ावी खुशियां संग लावी हरखाये हैयु हाय हाय रंगी परोधा ावी खुशियां संग लावी हरखाये हैयु हाय हाय हाँ मज़ा है ज़िन्दगी नशा है ज़िन्दगी धीरे धीरे चढ़ेगी हो दुआ दे ज़िन्दगी बता दे ज़िन्दगी बात अपनी बनेगी हो ख़्वाबों के बीज कच्ची ज़मीं पे हमको तो बोना है आशा के मोती साँसों के माला हमको पिरोना है अपना बोझा मिल के साथी हमको धोना है शहनाई शहनाई शहनाई हे रंग लो म्हारा नाम ए भाई भाई हे शुभारम्भ हो शुभारम्भ मंगल बेला आयी सपनों की देहरी पर दिल की बाजी रे शहनाई शहनाई रास रचीलो साज सजिलो शुभ घडी छे ावी आजा आजा तमतमाता सामना ोझे लावी ो लावी
"Bolna "")",Tanishk Bagchi,Award Winners 2016 Bollywood,2017-03-10,एरर फेचिंग थे सर्च रिजल्ट्स
Bulleya ,Pritam,Award Winners 2016 Bollywood,2017-03-10,कुछ रिश्तों का नमक ही दूरी होता है न मिलना भी बोहत ज़रूरी होता है दम दम दम दम तू मेरा दम दम दम दम मेरा हल दम दम दम दम तू मेरा दम दम दम दम मेरा हल दम दम दम दम तू बात करे या न मुझसे चाहे आँखों का पैगाम न ले पर ये मत कहना अरे ो पगले मुझे देख न तू मेरा नाम न ले तुझसे मेरा दीं धरम है मुझसे तेरी खुदाई तुझसे मेरा दीं धरम है मुझसे तेरी खुदाई तू बोले तोह मैं बन जाऊं मैं बुल्ल्ह शाह सौदे मैं भी नाचूं मैं भी नाचूं मनौ सोहने यार को चलूँ मैं तेरी राह बुलया मैं भी नाचूं रिझाऊं सोहने यार को करूँ न परवाह बुलया मेरा हर दम दम हर दम तू मेरा हर दम दम हर दम तू मेरा हर दम दम हर दम तू मेरा मेहरम तू मरहम तू मेरा हर दम दम हर दम तू मेरा हर दम दम हर दम तू मेरा हर दम दम हर दम तू माना अपना इश्क़ अधूरा दिल न इस्पे शर्मिंदा है पूरा होक ख़तम हुआ सब जो है आधा वो ही ज़िंदा है हो बैठी रहती है उमीदें तेरे घर की दहलीज़ों पे जिसकी न परवाज़ ख़तम हो दिल ये मेरा वही परिंदा है बक्शे तू जो प्यार से मुझको तोह हो मेरी रिहाई बक्शे तू जो प्यार से मुझको तोह हो मेरी रिहाई तू बोले तोह मैं बन जाऊं मैं बुल्ल्ह शाह सौदे मैं भी नाचूं मैं भी नाचूं मनौ सोहने यार को चलूँ मैं तेरी राह बुलया मैं भी नाचूं रिझाऊं सोहने यार को करूँ न परवाह बुलया मेरा हर दम दम हर दम तू मेरा हर दम दम हर दम तू मेरा हर दम दम हर दम तू तू याद करे या न मुझको मेरे जीने में अंदाज़ तेरा सर आँखों पर है तेरी नाराज़ी मेरी हार में है कोई राज़ तेरा शायद मेरी जान का सड़क मांगे तेरी जुदाई शायद मेरी जान का सड़क मांगे तेरी जुदाई तू बोले तोह मैं बन जाऊं मैं बुल्ल्ह शाह सौदे मैं भी नाचूं मैं भी नाचूं मनौ सोहने यार को चलूँ मैं तेरी राह बुलया मैं भी नाचूं रिझाऊं सोहने यार को करूँ न परवाह बुलया मेरा हर दम दम हर दम तू मेरा हर दम दम हर दम तू मेरा हर दम दम हर दम तू मेरा मेहरम तू मरहम तू मेरा हर दम दम हर दम तू मेरा हर दम दम हर दम तू मेरा हर दम दम हर दम तू कुछ रिश्तों का नमक ही दूरी होता है न मिलना भी बोहत ज़रूरी होता है
"Kar Gayi Chull "")",Badshah,Award Winners 2016 Bollywood,2017-03-10,एरर फेचिंग थे सर्च रिजल्ट्स
Samjhawan ,Jawad Ahmad,Yours Truly Arijit,2016-12-09,इंग्लिश नहीं जीना तेरे बाजू नहीं जीना नहीं जीना नहीं जीना तेरे बाजू नहीं जीना नहीं जीना नहीं जीना तेरे बाजू नहीं जीना नहीं जीना नहीं जीना तेरे बाजू नहीं जीना नहीं जीना मैं तनु समझावण की न तेरे बिना लगदा जी मैं तनु समझावण की न तेरे बिना लगदा जी तू की जाने प्यार मेरा मैं करून इंतज़ार तेरा तू दिल तुई योन जान मेरी मैं तनु समझावण की न तेरे बिना लगदा जी तू की जाने प्यार मेरा मैं करून इंतज़ार तेरा तू दिल तुई यो जान मेरी मैं तनु समझावण की न तेरे बिना लगदा जी मेरे दिल ने चुन लिया ने तेरे दिल दियां राहन तू जो मेरे नाल तू रहता तुरपे मेरियाँ साहा जीना मेरा हाय हूँ है तेरा की मैं कारण तू कर ऐतबार मेरा मैं करून इंतज़ार तेरा तू दिल तुई योन जान मेरी मैं तनु समझावण की न तेरे बिना लगदा जी
Muskurane ,Jeet Gannguli,Yours Truly Arijit,2016-12-09,मुस्कुराने की वजह तुम हो गुनगुनाने की वजह तुम हो जिया जाए न जाए न जाए न ो रे पिया रे जिया जाए न जाए न जाए न ो रे पिया रे ो रे लम्हे तू कहीं मत जा हो सके तोह उम्र भर थम जा जिया जाए न जाए न जाए ना ो रे पिया रे जिया जाए न जाए न जाए ना ो रे पिया रे पीया रे धुप आये तोह छाँव तुम लाना ख्वाहिशों की बारिशों में भीग संग जाना धुप आये तोह छाँव तुम लाना ख्वाहिशों की बारिशों में भीग संग जाना जिया जाए न जाए न जाए न ो रे पिया रे जिया जाए न जाए न जाए न ो रे पिया रे पिया रे जो मिले उसमे काट लेंगे हम थोड़ी खुशियां थोड़े आंसू बाँट लेंगे हम जो मिले उसमे काट लेंगे हम थोड़ी खुशियां थोड़े आंसू बाँट लेंगे हम जिया जाए न जाए न जाए न ो रे पिया रे जिया जाए न जाए न जाए न ो रे पिया रे पिया रे मुस्कुराने की वजह तुम हो गुनगुनाने की वजह तुम हो जिया जाए न जाए न जाए न ो रे पिया रे जिया जाए न जाए न जाए न ो रे पिया रे पिया रे पिया रे वो ो हो ू
Tumhi Dekho Naa,Shankar-Ehsaan-Loy,The Essential Bollywood Lounge,2010-11-08,एरर फेचिंग थे सर्च रिजल्ट्स
Na Tum Jano Na Hum,Lucky Ali,Kaho Naa Pyaar Hai (Original Motion Picture Soundtrack),1999-12-01,एरर फेचिंग थे सर्च रिजल्ट्स
Ek Pal Ka Jeena,Lucky Ali,Kaho Naa Pyaar Hai (Original Motion Picture Soundtrack),1999-12-01,एक पल का जीना फिर तो है जाना तोहफा क्या ले के जाइये दिल ये बताना खली हाथ आये थे हम खली हाथ जाएंगे बस प्यार के दो मीठे बोल झील मिलाएंगे तो हंसकयउं की दुनिया को है हसना ए मेरे दिल तू गाये जा ा ए आ आगया ोहान्खों में दिलबर का सपना भी है हाँ कोई सपना भी है ोःदुनिया में तेरा कोई अपना भी है हाँ कोई अपना भी है एक चेहरा ख़ास है जो दिल के पास है होठों पे प्यास है एक मिलने की आस है दिलबरों का मगर कहाँ कोई ठिकाना ए मेरे दिल तू गाये जा ा ए आआआए आ ोःजीवन खुशियों का एक झोका सा है हाँ कोई झोखा सा है ोहौर यह झोंका एक धोखा सा है हाँ कोई धोखा सा है यह कैसी है ख़ुशी जल जल के जो बुझी भुझ भुझ के जो जाली मिलके भी न मिली दोस्तों पर किसी हाल में न घबराना ए मेरे दिल तू गाये जा ा आया आगया एक पल का जीना फिर तो है जाना तोहफा क्या ले के जाइये दिल ये बताना खली हाथ आये थे हम खली हाथ जाएंगे बस प्यार के दो मीठे बोल झील मिलाएंगे तो हंसकयउं की दुनिया को है हसना ए मेरे दिल तू गाये जा ा ए आ आगया
Beedi ,Sunidhi Chauhan,Hits of Saif,2014-11-25,न गिलाफ न लिहाफ न गिलाफ न लिहाफ ठंडी हवा के खिलाफ ससुरी न गिलाफ न लिहाफ ठंडी हवा के खिलाफ ससुरी ो इतनी सर्दी है किसीका लिहाफ लेही लेह ो जा पडोसी के चुल्ह से आग लेही लेह बेदी जलइले लेह जिगर से पिया जिगर माबादी आग है बेदी जलइले लेह जिगर से पिया जिगर माबादी आग है वादा निकरि ो लैब से पिया आह आ वादा निकरि ो लैब से पिया जेह दुनिया बड़ी ढँक है हाँ बेदी जलइले लेह जिगर से पिया जिगर माबादी आग है न गिलाफ न लिहाफ ठंडी हवा के खिलाफ ससुरी ो इतनी सर्दी है किसीका लिहाफ लेही लेह ो जा पडोसी के चले से आग लेही लेह ो जा पडोसी के चले से आग लेही लेह न कसूर न फ़तूर न कसूर न फ़तूर बिना जयराम के हजूर मार गए ो मार गए ो ऐसे इक दिन दुपहरी बुला लियो रे बांध घुंघरू कचेरी लागलियो रे बुला लियो रे बुला लियो रे दुपहरी लगाइलो रे लगाइलो रे कचेरी अंगीठी जलइले लेह जिगर से पिया जिगर माबादी आग है बेदी जलइले लेह जिगर से पिया जिगर माबादी आग है हो न तोह चाकुओं की धार हो न तन राति न कतार हो न तोह चाकुओं की धार हो न तन राति न कतार ऐसा काटे के डाट जानिसार छोड़ दे यह कतई तोह कोई भी किसान छोड़ दे ो ऐसे चलीं का छोड़ दे मकान जोड़ दे रे बिलो चलीं का छोड़ दे मकान जोड़ दे ऐसे चलीं का ो ऐसे चलीं का ऐसे चलीं का छोड़ दे मकान जोड़ दे न बुलाया न बताया न बुलाया न बताया माने नींद से जगाया है रे ऐसे चोंकेले हाथ में नसीब आ गया वह इलायची खिलाईके करीब आ गया कोयला जलाई लेह जिगर से पिया जिगर माँ आग है इतनी सर्दी है किसीका लिहाफ लेही लेह ो जा पडोसी ो जा पडोसी जा जा पडोसी ो जा पडोसी के चले से आग लेही लेह
Madari,Clinton Cerejo,"Best of Coke Studio @ MTV Season, 2",2012-12-07,मदारी मदारी मदारी मदारी मेरा तू मैं जम्मूरा रे जम्मूरा जम्मूरा रे जम्मूरा मदारी मदारी मदारी मदारी मेरा तू मैं जम्मूरा रे जम्मूरा जम्मूरा रे जम्मूरा रे मदारी मदारी मदारी मदारी मेरा तू मैं जम्मूरा रे जम्मूरा जम्मूरा रे जम्मूरा मदारी मदारी मदारी मदारी मेरा तू मैं जम्मूरा रे जम्मूरा जम्मूरा रे जम्मूरा रे मदारी मदारी मदारी मदारी मेरा तू मैं जम्मूरा रे जम्मूरा जम्मूरा रे जम्मूरा मदारी मदारी मदारी मदारी मेरा तू मैं जम्मूरा रे जम्मूरा जम्मूरा रे जम्मूरा रे तेरा डमरू बाजे बाजे डम्मरु मैं का मयूरा मैं का मयूरा जमके नाचे तेरी बानी के दम पर बानी के दम पर जग सारा भागे आगे पाछे तू ही धरे मुस्कान की बूटी चींटी तू असुवन की फुहार तू ही धरे सागर का थैला तू ही भरे नदिया में धार मदारी मदारी मदारी मदारी मेरा तू मैं जम्मूरा रे जम्मूरा जम्मूरा रे जम्मूरा मदारी मदारी मदारी मदारी मेरा तू मैं जम्मूरा रे जम्मूरा जम्मूरा रे जम्मूरा रे जम्मूराहये हाजी लोक मायके न जांदे हाजी लोक मायके न जांदे आसान ते जाना तखत हज़ारे ते जिस वाल यार उस वाल काबा ते आसान फ़ोल किताबां चारे हाजी लोक मायके न जांदे हाय ते आसान ते जाना तखत हज़ारे ते जिस वाल यार उस वाल काबा ते आसान फ़ोल किताबां चारे इत् खड़क्के दुक्कड़ वज्जे टाटा होवे चूल्हा इत् खड़क्के दुक्कड़ वज्जे टाटा होवे चूल्हा ाँ फ़कीर ते खा खा जावन राज़ी होवे बुल्ला इत् खड़क्के दुक्कड़ वज्जे टाटा होवे चूल्हा इत् खड़क्के दुक्कड़ वज्जे टाटा होवे चूल्हा ाँ फ़कीर ते खा खा जावन राज़ी होवे बुल्ला तेरी रूखी सूखी सूखी रूखी खाके देखा हर एक निवाला अमृत लागे तेरे रहमोकरम से रहमोकरम से हर फूटी किस्मत उठ के भागे जितना भरदे खिलौने में चाभी उतनी है उसकी रफ़्तार तू चलाता है जीवन का मेला तू ही सुने हम सबकी गुहार मदारी मदारी मदारी मदारी मेरा तू मैं जम्मूरा रे जम्मूरा जम्मूरा रे जम्मूरा मदारी मदारी मदारी मदारी मेरा तू मैं जम्मूरा रे जम्मूरा जम्मूरा रे मदारी मदारी मदारी मदारी मेरा तू मैं जम्मूरा रे जम्मूरा जम्मूरा रे मदारी मदारी मदारी मदारी मेरा तू मैं जम्मूरा रे जम्मूरा रे जम्मूरा रे मैं तेरा जमूरा रे जमूरा मैं तेरा तू मेरा मदारी मदारी मदारी मदारी मदारी मदारी मदारी मदारी मदारी मदारी मदारी
Teri Deewani,Kailash Kher,Kailasa,2006-02-24,इंग्लिश प्रीत की लत मोहे ऐसी लागि हो गयी मैं मतवारी बल बल जाऊं अपने पिया को है मैं जाऊं वारि वारि मोहे सुध बुध नाय रही तन मैं की ये तो जाने दुनिया साड़ी बेबस और लाचार फिरूं मैं हारी मैं दिल हारी हारी मैं दिल हारी तेरे नाम से जी लून तेरे नाम से मर्डर जाऊं तेरे नाम से जी लून तेरे नाम से मर्डर जाऊं तेरी जान के सड़के में कुछ ऐसा कर जाऊं तूने क्या कर डाला मर्डर गयी मैं मिटत गयी मैं हो हो जी हाँ हाँ जी हो गयी मैं तेरी दीवानी दीवानी तेरी दीवानी दीवानी तूने क्या कर डाला मर्डर गयी मैं मिटत गयी मैं हो हो जी हाँ हाँ जी हो गयी मैं तेरी दीवानी दीवानी तेरी दीवानी दीवानी इश्क़ जूनून जब हद से बढ़ जाए इश्क़ जूनून जब हद से बढ़ जाए हँसते हँसते आशिक़ सूली चढ़ जाए इश्क़ का जादू सर चढ़कर बोले इश्क़ का जादू सर चढ़कर बोले खूब लगा लो पहरे रस्ते रब खोले यही इश्क़ दी मर्ज़ी हैं यही रब दी मर्ज़ी हैं यही इश्क़ दी मर्ज़ी हैं यही रब दी मर्ज़ी हैं तेरे बिन जीना कैसा हाँ खुदगर्ज़ी है तूने क्या कर डाला मर्डर गयी मैं मिटत गयी मैं हो हो जी हाँ हाँ जी हो गयी मैं तेरी दीवानी दीवानी तेरी दीवानी दीवानी तेरी दीवानी दीवानी तेरी दीवानी दीवानी ो ो ो हे मैं रंग रंगीली दीवानी हे मैं रंग रंगीली दीवानी हे मैं अलबेली मैं मस्तानी गाउन बजाऊं सबको रिझाऊं हे मैं दिन धरम से बेगानी हे मैं दीवानी मैं दीवानी तेरे नाम से जी लून तेरे नाम से मर्डर जाऊं तेरे नाम से जी लून तेरे नाम से मर्डर जाऊं तेरे जान के सड़के में कुछ ऐसा कर जाऊं तूने क्या कर डाला मर्डर गयी मैं मिटत गयी मैं हो हो जी हाँ हाँ जी हो गयी मैं तेरी दीवानी दीवानी तेरी दीवानी दीवानी तेरी दीवानी दीवानी तेरी दीवानी दीवानी तेरी दीवानी दीवानी तेरी दीवानी दीवानी तेरी दीवानी दीवानी
Saiyyan,Kailash Kher,Jhoomo Re,2011-06-03,रंग दे मोहे प्रीत के रंग में ऐ मोरे रअंग्रेज़ज पिया तेरी राह न तकिया वे मैं ना तेरी यादें विच धड़के है थम थम के अब ये मोरा जिया किसी करवट आवे न चाइना रातें तेरे बिन सोवे न सुबह तेरे बिन होव न सांसें तेरे बिन आवे ना यादें आके जावे न कुछ भी तेरे बिन भावे न रब्बा ज़ुल्म ये धावे न सैय्यन रस्ते पे नैना बिछे हुवे हैं तेरे निशानों पे रुके हुवे हैं आओगे एक दिन तुम यहीं दुआ उम्मीद के होठों पे रखे हुवे हैं धुन में तेरी खुद को धुन लिया तड़पत है बैठु तेरी याद उतरी न सर से तेरे नाम की जाप्ता है माला रंगत उड़द गयी मुखड़े की तन मन है सब उजड़ा पड़ा हर एक रंग लगता है कला रातें तेरे बिन अब सोवे न सुबह तेरे बिन होव न सांसें तेरे बिन आवे ना सैय्यन यादें आके जावे न कुछ भी तेरे बिन भावे न रब्बा ज़ुल्म ये धावे न सैय्यन रूठा मुक़द्दर मन लिया है किस्मत में तुझको लिखा लिया है दर्द इ जुदाई का सारा गम खुशियों के पीछे छुपा लिया है तूने कहा न जो सुन लिया सुन के सजना की आहात लेने लगा अंगड़ाई जिया अमृत जींद दी विच भर डाला धूल के उजला वो बैठ यार की दीड से मैं मैला ूंगीं खुशियों से पड़ा पला रातें तेरे बिन सोवे न सुबह तेरे बिन होव न सांसें तेरे बिन आवे ना सैय्यन यादें आके जावे न कुछ भी तेरे बिन भावे न रब्बा ज़ुल्म ये धावे न सैय्यन रंग दे मोहे प्रीत के रंग में ऐ मोरे रअंग्रेज़ज पिया तेरी राह न तकिया वे मैं ना
Jeena Jeena ,Atif Aslam,"Jeena Jeena (From ""Badlapur"")",2015-01-15,हममहंम देहलीज़ पे मेरे दिल की जो रखे हैं तूने कदम तेरे नाम पे मेरी ज़िन्दगी लिख दी मेरे हमदम हाँ सीखा मैंने जीना जीना कैसे जीना हाँ सीखा मैंने जीना मेरे हमदम न सीखा कभी जीना जीना कैसे जीना न सीखा जीना तेरे बिना हमदम देहलीज़ पे मेरे दिल की जो रखे हैं तूने कदम तेरे नाम पे मेरी ज़िन्दगी लिख दी मेरे हमदम हाँ सीखा मैंने जीना जीना कैसे जीना हाँ सीखा मैंने जीना मेरे हमदम न सीखा कभी जीना जीना कैसे जीना न सीखा जीना तेरे बिना हमदम हममहंमम सच्ची सी हैं यह तारीफें दिल से जो मैंने करि हैं सच्ची सी हैं यह तारीफें दिल से जो मैंने करि हैं जो तू मिला तो सजी हैं दुनिया मेरी हमदम ो आसमा मिला ज़मीन को मेरी आधे आधे पूरे हैं हम तेरे नाम पे मेरी ज़िन्दगी लिख दी मेरे हमदम हाँ सीखा मैंने जीना जीना कैसे जीना हाँ सीखा मैंने जीना मेरे हमदम न सीखा कभी जीना जीना कैसे जीना न सीखा जीना तेरे बिना हमदम हम्म्म
Jeene Laga Hoon ,Atif Aslam,Ramaiya Vastavaiya (Original Motion Picture Soundtrack),2013-05-15,जीने लगा हूँ पहले से ज़्यादा पहले से ज़्यादा तुमपे मरने लगा हूँ मैं मेरा दिल और तुम हो यहाँ फिर क्यों हो पलकें झुकाएं वहां तुम सा हसीं पहले देखा नहीं तुम इससे पहले थे जाने कहाँ जीने लगा हूँ पहले से ज़्यादा पहले से ज़्यादा तुमपे मरने लगा हुम्म्म हम्म्म्म रहते हो आ के जो तुम पास मेरे थम जाये पल वहीँ बास मैं यह सोचूं सोचूं मैं थम जाये पल यह पास मेरे जब हो तुम सोचूं मैं थम जाये पल यह पास मेरे जब हो तुम चलती है सांसें पहले से ज़्यादा दिल ठहरने लगा हुम्म्म्महंममम तन्हाइयों में तुझे ढूंढें मेरा दिल हर पल यह तुझको ही सोचे भला क्यों तन्हाई में ढूंढें तुझे दिल हर पल तुझको सोचे तन्हाई में ढूंढें तुझे दिल हर पल तुझको सोचे मिलने लगे दिल पहले से ज़्यादा पहले से ज़्यादा इश्क़ होने लगा हम्म्म्म हम्म्म्म
Main Rang Sharbaton Ka ,Atif Aslam,Phata Poster Nikhla Hero (Original Motion Picture Soundtrack),2013-09-10,ख्वाब है तू नींद हूँ मैं दोनों मिलें रात बने रोज़ यही माँगूँ दुआ तेरी मेरी बात बने बात बने मैं रंग शर्बतों का तू मीठे घात का पानी मैं रंग शर्बतों का तू मीठे घात का पानी मुझे खुद में घोल दे तो मेरे यार बात बन जानी रंग शर्बतों का तू मीठे घात का पानी मैं रंग शर्बतों का तू मीठे घात का पानी मुझे खुद में घोल दे तोह मेरे यार बात बन जानी रंग शर्बतों का तू मीठे घात का पानी मैं रंग शर्बतों का तू मीठे घात का पानी ो यारा तुझे प्यार की बतियाँ क्या समझावां जागती रतियाँ रोज़ बितावां इससे आगे अब मैं क्या कहूं ो यारा तुझे डोलती अँखियाँ सड़के जवान मांग ले पकियाँ आज दुवनवा इससे आगे अब मैं क्या कहूं मैंने तोह धीरे से नींदों के धागे से बाँधा है ख्वाब को तेरे मैं न जहां चहुँ न आसमान चाहूँ आजा हिस्से मैं तू मेरे तू ढंग चाहतों का मैं जैसे कोई नादानी तू ढंग चाहतों का मैं जैसे कोई नादानी मुझे खुद से जोड़ दे तो मेरे यार बात बन जनि रंग शर्बतों का तू मीठे घात का पानी मैं रंग शर्बतों का तू मीठे घात का पानी तेरे ख्यालों से तेरे ख्यालों तक मेरा तोह है आना जाना मेरा तोह जो भी है तू ही था तू ही है बाकि जहां है बेगाना तुम एक मुसाफिर हो मैं कोई राह अंजनी तुम एक मुसाफिर हो मैं कोई राह अंजनी मन छह मोड़ दे तो मेरे यार बात बन जनि रंग शर्बतों का तू मीठे घात का पानी मैं रंग शर्बतों का तू मीठे घात का पानी मुझे खुद में घोल दे तोह मेरे यार बात बन जानी रंग शर्बतों का तू मीठे घात का पानी मैं रंग शर्बतों का तू मीठे घात का पानी ो यारा तुझे प्यार की बतियाँ क्या समझावां जागती रतियाँ रोज़ बितावां इससे आगे अब मैं क्या कहूं ो यारा तुझे डोलती अँखियाँ सड़के जवान मांग ले पकियाँ आज दुवनवा इससे आगे अब मैं क्या कहूं
Tu Jaane Na ,Atif Aslam,Atif Rocks,2011-05-27,तू ही मेरी जींद तू ही जान सोनिये दिल ते लखाया तेरा ना तेरे बिन लगदा न जी सोनिये तेरे ुट्टों मेरी जान कुर्बान तू ही मेरी जींद तू ही जान सोनिये दिल ते लखाया तेरा ना तेरे बिन लगदा न जी सोनिये तेरे ुट्टों मेरी जान कुर्बान तू जाने न मेरी जान किवें कहाँ तू जाने न मेरी जान किवें कहाँ चोरी चोरी वेख तैनू दिन काट लेना हाँ तेरियां अखन च मैनु दिसदा जहाँ हसदी जड़ों तू मैनु दुःख भूल जांदे यादें तेरियां च मेरा कटड़ा समां मैनु राति चानन तारे पुछदे ने तेरे बारे तेरी गल्लां करदे ने तेरे वादे तेरे लारे ओह वि जांदे ने सारे बस केहन टन दर्दे ने तू मेरी जान जाने न किवें कहाँ तू मेरी जान तू जाने न किवें कहाँ तू जाने न मेरी जान किवें कहाँ काश मेरे लेखन विच तू ही लिखी होवें तेरियां ही ज़ुलफ़ां दी लिखी होव छान तेरे नाल जीना ात्ते तेरे नाल मरना तेरियां सहन दे नाल चले मेरा साह तेरी अखन दे सवेरे मेरे बहन विच शाम मैनु होर नई कुज्ज दिसदा कीड़े नाम लिखी जान न नित्त दस ना तू लिखेया ऐ किस्डा तू मेरी जान जाने न किवें कहाँ तू मेरी जान तू जाने न किवें कहाँ तू जाने न मेरी जान किवें कहाँ
Be Intehaan ,Atif Aslam,Yours Truly,2014-09-02,सुनो न कहे क्या सुनो न दिल मेरा सुनो न सुनो ज़रा तेरी बाहों में मुझे रहना है रात भर तेरी बाहों में होगी सुबह बे इन्तेहाँ बे इन्तेहाँ हम्म्म यूँ प्यार कर यूँ प्यार कर बे इन्तेहाँ देखा करूँ साड़ी उम्र तेरे निशाँ बेइन्तेहाँ कोई कसार ना रहे मेरी खबर ना रहे छू ले मुझे इस कदर बेइन्तेहाँ जब साँसों में तेरी साँसें घुली तोह फिर सुलगने लगे एहसास मेरे मुझसे कहने लगे हां बाहों में तेरी आके जहां दो यूँ सिमटने लगे सैलाब जैसे कोई बहने लगे खोया हूँ मैं आगोश में तू भी कहाँ अब होश में मखमली रात की हो ना सुबह बे इन्तेहाँ बेइन्तेहाँ यूँ प्यार कर बेइंतेहा हम्म्म गुस्ताखियां कुछ तुम करो कुछ हम करे इस तरह शर्र्मा के दो साये हैं जो मुँह फेर ले हम से यहां हाँ छू तोह लिया है ये जिस्म तूने रूह भी चूम ले अलफ़ाज़ भीगे भीगे क्यों है मेरे हाँ यूँ चूर हो के मजबूर हो के क़तरा क़तरा कहे एहसास भीगे भीगे क्यों हैं मेरे दो बेखबर भीगे बदन हो बेसबर भीगे बदन ले रहे रात भर अंगड़ाइयां बे इन्तहा बे इन्तहा यूँ प्यार कर बे इन्तहा देखा करून साड़ी उम्र तेरे निशान बेइन्तेहाँ कोई कसार न रहे मेरी खबर न रहे छू ले मुझे इस कदर बेइन्तेहाँ
Kuch Is Tarah ,Atif Aslam,Yours Truly,2014-09-02,कुछ इस तरह तेरी पलकें मेरी पलकों से मिला दे आंसू तेरे सरे मेरी पलको पेह सजा दे कुछ इस तरह तेरी पलकें मेरी पलकों से मिला दे आंसू तेरे सरे मेरी पलको पेह सजा दे कुछ इस तरह तेरी पलकें मेरी पलकों से मिला दे कुछ इस तरह तेरी पलकें मेरी पलकों से मिला दे आंसू तेरे सरे मेरी पलको पेह सजा दे तू हर घडी हर वक़्त मेरे साथ रहा हैं हाँ यह जिस्म कभी दूर कभी पास रहा हैं जो भी घूम हैं यह तेरे उन्हें तू मेरा पता दे कुछ इस तरह तेरी पलकें मेरी पलकों से मिला दे आंसू तेरे सरे मेरी पलको पेह सजा दे मुझको को तोह तेरे चहरे पेह यह घूम नहीं जहाचता जायस नहीं लगता मुझे घूम से तेरा रिश्ता सुन मेरी गुजारिश इसे चहरे से हटा दे सुन मेरी गुजारिश इसे चहरे से हटा दे कुछ इस तरह तेरी पलकें मेरी पलकों से मिला दे आंसू तेरे सरे मेरी पलको पेह सजा दे कुछ इस तरह तेरी पलकें मेरी पलकों से मिला दे आंसू तेरे सरे मेरी पलको पेह सजा दे
Tera Hone Laga Hoon ,Atif Aslam,Yours Truly,2014-09-02,शाइनिंग इन थे सैंड न सुन लिखे ा पर्ल अपॉन थे ओसियन के एंड फील में हु फील में शाइनिंग इन थे सैंड न सुन लिखे ा पर्ल अपॉन थे ओसियन के एंड हील में हो हील में थिंकिंग जब्त थे लव वे मेक एंड आल लाइफ शेयरिंग के एंड फील में हो फैल में शाइनिंग इन थे सैंड न सुन लिखे ा पर्ल अपॉन थे ओसियन के एंड फील में को हील में तू आजा तू भी मेरा मेरा तेरा जो िकरारर हुआ तो क्यों न में भी कह दूँ कह दूँ हुआ मुझे भी प्यार हुआ तेरा होने लगा हूँ खोने लगा हूँ जब से मिला हूँ तेरा होने लगा हूँ खोने लगा हूँ जब से मिला हूँ शाइनिंग इन थे सैंड न सुन लिखे ा पर्ल अपॉन थे ओसियन के एंड फील में ो हील में उम् वैसे तो मान मेरा पहले भी रातों में अक्सर ही चाहत के हाँ सपने संजोता था पहले भी धड़कन यह धुन कोई जाती थी पर अब्ब जो होता है वह पहले न होता था हुआ है तुझे जो भी जो भी मुझे भी इस पार हुआ तो न मैं भी कह दूँ कह दूँ हुआ मुझे भी प्यार हुआ तेरा होने लगा हूँ खोने लगा हूँ जब से मिला हूँ तेरा होने लगा हूँ खोने लगा हूँ जब से मिला हूँ आँखों से छू लूँ की बाहें तरसती हैं दिल ने पुकारा है हाँ अब्ब तू चले आओ आओ तो शबनम की बूदें बरसती हैं मौसम इशारा है हाँ अब तो चले अउ बाँहों में डेल बाहें बाहें बाँहों का जैसे हार हुआ हाँ मन मेने माना मन हुआ मुझे भी प्यार हुआ तेरा होने लगा हूँ खोने लगा हूँ जब से मिला हूँ तेरा होने लगा हूँ खोने लगा हूँ जब से मिला हूँ शाइनिंग इन थे सैंड न सुन लिखे ा पर्ल अपॉन थे ओसियन के एंड फील में हाँ फील में शाइनिंग इन थे सैंड न सुन लिखे ा पर्ल अपॉन थे ओसियन के एंड हील में हाँ हील में थिंकिंग जब्त थे लव वे मेक एंड आल लाइफ शेयरिंग के एंड फील में हो फैल में शाइनिंग इन थे सैंड न सुन लिखे ा पर्ल अपॉन थे ओसियन के एंड फील में को हील में
Bakhuda Tumhi Ho ,Atif Aslam,Yours Truly,2014-09-02,होओओओ हो हो हो होऊ तू ही एहसासों में तू ही जज़्बातों में तू ही लम्हातों में तू ही दिन रातों में बखुदा तुम्ही हो हर जगह तुम्ही हो हाँ में देख्या जहाँ जब उस जगह तुम्ही हो यह जहाँ तुम्ही हो वो जहाँ तुम्ही हो इस ज़मीन से फलक के दरमियांनतुंही हो तुम ही हो बेशुमार तुम ही हो तुम ही हो मुझ में हाँ तुम ही होतुम ही हो होऊ कैसे बताये तुम्हे और किस तरह यह कितना तुम्हे हम चाहते है साया भी तेरा दिखे तो पास जाके उसमें सिमट हम जाते है रास्ता तुम ही हो रेहनुमान तुम ही हो जिसकी ख्वाहिश है हमको वो पनाह तुम ही हो तुम ही हो बेशुमार तुम ही हो तुम ही हो मुझ में हाँ तुम ही हो तू ही एहसासों में तू ही जज़्बातों में तू ही लम्हातों में तू ही दिन रातों में कैसे बताये तुम्हे शब् में तुम्हारे ख्वाब हसीं जो आते है कैसे बताये तुम्हे लम्ज़ वो सारे जिस्म को जो महकते है इफ्तिदा तुम ही हो इन्तेहाँ तुम ही तो तुम हो जीने का मकसद और वजह तुम ही हो बखुदा तुम्ही हो हर जगह तुम्ही हो हाँ में देख्या जहाँ जब उस जगह तुम्ही हो यह जहाँ तुम्ही हो वो जहाँ तुम्ही हो इस ज़मीन से फलक के दरमियांनतुंही हो तुम ही हो बेशुमार तुम ही हो तुम ही हो मुझ में हाँ तुम ही होतुम ही हो होऊ हो हो हो हूँ
Where's the Party Tonight,Shankar-Ehsaan-Loy,Kabhi Alvida Naa Kehna (Original Motion Picture Soundtrack),2006-06-08,वांनै नाच आल नाईट वांनै नाच आल नाईट दो ु फील ऑलराइट वांनै नाच आल नाईट डांस विथ में बेबी वोट ु डांस विथ में आल नाईट वोट ु पार्टी पार्टी पार्टी वोट ु रन थे फ्लोर आल नाईट डांस विथ में बेबी वोट ु डांस विथ में आल नाईट वोट ु पार्टी पार्टी पार्टी वोट ु रन थे फ्लोर आल नाईट प्यारे प्यारे लम्हे प्यारी प्यारी बाते सपनो के दिन हैं सपनो की राते हो गूंजे है दिल के तराने बजने हैं गीत सुहाने बहके है सरे दीवाने तोह नाच ले नाच ले आल नाईट व्हेरेस डा पार्टी टुनाइट ों थे डांस फ्लोर ओह सपनो के दिन हैं सपनो की राते व्हेरेस थे पार्टी टुनाइट डांस विथ में बेबी वोट ु डांस विथ में आल नाईट वोट ु पार्टी पार्टी पार्टी वोट ु रन थे फ्लोर आल नाईट वांनै नाच आल नाईट वांनै नाच आल नाईट दो ु फील ऑलराइट वांनै नाच आल नाईट प्यारे प्यारे लम्हे प्यारी प्यारी बाते सपनो के दिन हैं सपनो की राते हो गूंजे है दिल के तराने बजने हैं गीत सुहाने बहके है सरे दीवाने तोह नाच ले नाच ले आल नाईट व्हेरेस थे पार्टी टुनाइट समवेयर डाउन थे रोड ों थे डांस फ्लोर ओह सपनो के दिन हैं सपनो की राते व्हेरेस थे पार्टी टुनाइट ओह सजना ओह सजना तेरे बिना मई नहीं ी वांनै जो डांसिंग वेयर स थे टेक ु आउट पार्टी टुनाइट ी वांनै जो डांसिंग वेयर स थे लेटस स्क्रीम एंड शॉट पार्टी टुनाइट जो मेरी मंजिल था पागल जिसपे दिल था है वह मुझे मिल गया फूल जो महका था जिसपे दिल बहका था बाहो में वह खिल गया महाकि हैं प्यार की रहे बहकी हैं साडी निगाहे फैली हैं ख्वाबो की बाहे तोह नचले नचले आल नाईट व्हेरेस थे पार्टी टुनाइट समवेयर डाउन थे रोड ों थे डांस फ्लोर ओह सपनो के दिन हैं सपनो की राते व्हेरेस थे पार्टी टुनाइट
Bole Chudiyan,Jatin-Lalit,Kabhi Khushi Kabhie Gham (Original Motion Picture Soundtrack),2001-11-28,बोले चूड़ियां बोले कंगना है मैं हो गयी तेरी साजना तेरे बिन जियो नाइयो लगदा मैं ते मरगइयाँ लहजा लहजा दिल लहजा लहजा सोनिये लहजा लहजा लहजा लहजा दिल लहजा लहजा सोनिये लहजा लहजा बोले चूड़ियां बोले कंगना है मैं हो गयी तेरी साजना बोले चूड़ियां बोले कंगना है मैं हो गयी तेरी साजना तेरे बिन जियो नाइयो लगदा मैं ते मरगइयाँ लहजा लहजा सोनिये लहजा लहजा दिल लहजा लहजा बोले चूड़ियां बोले कंगना है मैं हो गया तेरा साजना तेरे बिन जियो नाइयो लगदा मैं ते मर जावा लहजा लहजा सोनिये लहजा लहजा दिल लहजा लहजा है है मैं मर जावा मर जावा तेरे बिन अब तो मेरी रातें कटी तारे गईं गईं बस तुझको पुकारा करे मेरी बिंदिया इशारा करे लश्कर लश्कर तेरी बिंदिया का लश्कर ऐसे चमके जैसे चमके चाँद के पास सितारा मेरी पायल बोले तुझे जो रूठे मनाये तुह्जे ओह साजन जी हाँ साजन जी कुछ सोचो कुछ समझो मेरी बात को बोले चूड़ियां बोले कंगना है मैं हो गया तेरा साजना तेरे बिन जियो नाइयो लगदा मैं ते मर जावा लहजा लहजा सोनिये लहजा लहजा दिल लहजा लहजा अपनी मांग सुहागन हो संग हमेशा साजन हो आके मेरी दुनिया में वापस न जाना सेहरा बांड के माहि तू मेरे घर आना सोनी कीथी सोनी आज तू लगदी वह बस मेरा साथ यह जोड़ी तेरी साजदी वह रूप ऐसा सुहाना तेरा चाँद भी दीवाना तेरा जा रे ओह जा जूठे तेरी गाला हम न मने क्यों तारे से करता है तू हमको सब कुछ जाने मेरी दिल की दुआ यह कहे तेरी जोड़ी सलामत रहे ओह साजन जी ओह सजणजी यूँ ही बाईट सारा जीवन साथ में बोले चूड़ियां बोले कंगना है मैं हो गया तेरा साजना तेरे बिन जियो नाइयो लगदा मैं ते मर जावा लहजा लहजा सोनिये लहजा लहजा दिल लहजा लहजा लहजा लहजा सोनिये लहजा लहजा दिल लहजा लहजा आजा हीरिये जा जा राँझड़ा आजा हीरिये जा जा राँझड़ा लहजा लहजा सोनिये लहजा लहजा दिल लहजा लहजा लहजा लहजा सोनिये लहजा लहजा दिल लहजा लहजा न जुड़ा होंगे हम कभी ख़ुशी कभी घूम
Radha,Vishal-Shekhar,Student of the Year (Original Motion Picture Soundtrack),2012-08-31,गोपियों संग घूमे कन्हैया रास रचैया राधा न जाए रे अब्ब सांवरा न भाये रे राधा ों थे डांस फ्लोर राधा लाइक्स तो पार्टी राधा लाइक्स तो मूव तहत सेक्सी राधा पार्टी राधा ों थे डांस फ्लोर राधा लाइक्स तो पार्टी राधा लाइक्स तो मूव तहत सेक्सी राधा पार्टी पनघट पे आके सैयां मरोड़े बाइयाँ एंड एवरीबॉडी क्रेजी ों राधा छेड़े हुंका डाइयाँ बैरी कन्हैया एंड एवरीबॉडी क्रेजी ों राधा होगा वह लाखों दिल का चोर हुंका तोह लागे वह हुआ है ऐसे बावला जो कहता जाए ो राधा तेरी चुनरी ो राधा तेरा झल्ला ो राधा तेरी नटखट नजरिया ो राधा तेरा झुमका ो राधा तेरा ठुमका ो पीछे पीछे साड़ी नगरीय ो राधा तेरी चुनरी ो राधा तेरा झल्ला ो राधा तेरी नटखट नजरिया ो राधा तेरा झुमका ो राधा तेरा ठुमका ो पीछे पीछे साड़ी नगरीय राधा ों थे डांस फ्लोर राधा लाइक्स तो पार्टी राधा लाइक्स तो मूव तहत सेक्सी राधा पार्टी राधा ों थे डांस फ्लोर राधा लाइक्स तो पार्टी राधा लाइक्स तो मूव तहत सेक्सी राधा पार्टी ो ो माथे पे पंख मोरे कहते हैं माखन चोर बजाये बांसुरी बड़ा आया चित्तचोर बूत राधा वांट्स मोरे ढूंढूंगी चरों और मिलेगा कोई और दूंगी में हाथों में मेरे दिल की ये डोर क्यूज़ राधा वांट्स मोरे ो राधा राधा भोली दीवानी है ो राधा राधा दो पल जवानी है ो राधा को सम्भालो कोई इसे बता दो की मिलेगा न कोई सांवरिया ो राधा तेरी चुनरी ो राधा तेरा झल्ला ो राधा तेरी नटखट नजरिया ो राधा तेरा झुमका ो राधा तेरा ठुमका ो पीछे पीछे साड़ी नगरीय हे राधा राधा काहे इतना गुरूर पला छोडो भी नखरे ये कैसी ऐडा तूने क्या सोचा तू ही इक मशहूर यहां लाखों हैं गोपियाँ भी हमपे फ़िदा हो साड़ी ही दुनिया ये नारी है शुरू हमसे तेरी कहानी है ो रहने दे रे कान्हा भूलेगा तू सताना जो गिरूँगी मैं बन के बिजुरिअ ो राधा तेरी चुनरी ो राधा तेरा झल्ला ो राधा तेरी नटखट नजरिया ो राधा तेरा झुमका ो राधा तेरा ठुमका ो पीछे पीछे साड़ी नगरीय राधा ों थे डांस फ्लोर राधा लाइक्स तो पार्टी राधा लाइक्स तो मूव तहत सेक्सी राधा पार्टी राधा ों थे डांस फ्लोर राधा लाइक्स तो पार्टी राधा लाइक्स तो मूव तहत सेक्सी राधा पार्टी पनघट पे आके सैयां मरोड़े बाइयाँ एंड एवरीबॉडी क्रेजी ों राधा छेड़े हुंका डाइयाँ बैरी कन्हैया एंड एवरीबॉडी क्रेजी ों राधा होगा वह लाखों दिल का चोर हुंका तोह लागे वह हुआ है ऐसे बावला जो कहता जाए ो राधा तेरी चुनरी ो राधा तेरा झल्ला ो राधा तेरी नटखट नजरिया ो राधा तेरा झुमका ो राधा तेरा ठुमका ो पीछे पीछे साड़ी नगरीय
Maahi Ve,Shankar-Ehsaan-Loy,Kal Ho Naa Ho (Original Motion Picture Soundtrack),2003-09-20,माहि वे माहि वे थॉट्स थे वे माहि वे तेरे माथे झूमर डंके तेरे कन्न्नो बाली चमके है रे माहि वे तेरे हाथो कंगना खनके तेरे पैरो पायल चांस है रे माहि वे नैनो से बोले रब्बा रब्बा मैं में डोले रब्बा रब्बा अमृत घोले रब्बा रब्बा तू सोनिये जींद माहि वे सोनी सोनी आजा माहि वे एवरीबॉडी सींग सोनी सोनी आजा माहि वे जींद माहि वे सोनी सोनी आजा माहि वे एवरीबॉडी सींग सोनी सोनी आजा माहि वे थॉट्स थे वे माहि वे ो तेरे आँखें काली काली तेरा गोरा गोरा मुखड़ा है रे माहि वे तेरे रंगत जैसे सोना तू चाँद का टुकड़ा है रे माहि वे तेरे गाल गुलाबी रब्बा रब्बा चल शराबी रब्बा रब्बा दिल की खराबी रब्बा रब्बा तू सोनिये जींद माहि वे सोनी सोनी आजा माहि वे एवरीबॉडी सींग सोनी सोनी आजा माहि वे जींद माहि वे सोनी सोनी आजा माहि वे एवरीबॉडी सींग सोनी सोनी आजा माहि वे बरसे रंगीनी कलियाँ है महकी भीनी भीनी बजे मैं में हलके हलके शहनईया रे जितने है टारे आँचल में आ गया सरे दिल ने जैसे ही ली अंगड़ाई रे तू जो आयी सझके मेहँदी राजके चल बजके ओह सोनिये दिल किट नो का खाये धजके ओह सोनिये जींद माहि वे सोनी सोनी आजा माहि वे एवरीबॉडी सींग सोनी सोनी आजा माहि वे जींद माहि वे सोनी सोनी आजा माहि वे एवरीबॉडी सींग सोनी सोनी आजा माहि वे कान्हड़ा मेरी चंदा तुझे कैसे में यह समझाऊँ मुझे लगती है तू कितनी प्यारी रे खुशियां जितनी है सब जितनी है सब ढूंढ के लाऊं तेरी डोली के संग कर दो साडी रे तू जो आयी सझके मेहँदी राजके चल बजके ओह सोनिये दिल किट नो का खाये धजके ओह सोनिये जींद माहि वे सोनी सोनी आजा माहि वे एवरीबॉडी सींग सोनी सोनी आजा माहि वे जींद माहि वे सोनी सोनी आजा माहि वे एवरीबॉडी सींग सोनी सोनी आजा माहि वे तेरे माथे झूमर डंके तेरे कन्न्नो बाली चमके है रे माहि वे तेरे हाथो कंगना खनके तेरे पैरो पायल चांस है रे माहि वे नैनो से बोले रब्बा रब्बा मैं में डोले रब्बा रब्बा अमृत घोले रब्बा रब्बा तू सोनिये जींद माहि वे जींद माहि वे जींद माहि वे सोनी सोनी आजा माहि वे एवरीबॉडी सींग सोनी सोनी आजा माहि वे जींद माहि वे सोनी सोनी आजा माहि वे एवरीबॉडी सींग सोनी सोनी आजा माहि वे सोनी सोनी आजा माहि वे सोनी सोनी आजा माहि वे
Kuch Kuch Hota Hai,Jatin-Lalit,Kuch Kuch Hota Hai (Original Motion Picture Soundtrack),1998-08-19,तुम पास आये यूँ मुस्कुराये तुम पास आये यूँ मुस्कुराये तुमने न जाने क्या सपने दिखाए तुम पास आये यूँ मुस्कुराये तुमने न जाने क्या सपने दिखाए अब तो मेरा दिल जगे न सोता है क्या करूँ है कुछ कुछ होता है क्या करूँ है कुछ कुछ होता है तुम पास आये यूँ मुस्कुराये तुमने न जाने क्या सपने दिखाए अब तो मेरा दिल जगे न सोता है क्या करूँ है कुछ कुछ होता है क्या करूँ है कुछ कुछ होता है न जाने कैसा एहसास है बुझती नहीं है क्या प्यास है क्या नशा इस प्यार का मुझपे सनम छाने लगा कोई न जाने क्यों चैन खोता है क्या करूँ है कुछ कुछ होता है क्या करूँ है कुछ कुछ होता है क्या रंग लायी मेरी दुआ ये इश्क़ जाने कैसे हुआ बेचैनियों में चैन न जाने क्यों आने लगा तन्हाई में दिल यादें संजोता है क्या करूँ है कुछ कुछ होता है क्या करूँ है कुछ कुछ होता है तुम पास आये यूँ मुस्कुराये तुमने न जाने क्या सपने दिखाए तुम पास आये यूँ मुस्कुराये तुमने न जाने क्या सपने दिखाए अब तो मेरा दिल जगे न सोता है क्या करूँ है कुछ कुछ होता है क्या करूँ है कुछ कुछ होता है
Dil Ne Yeh Kaha Hain Dil Se ,Udit Narayan,My Best Collection - Udit Narayan,2016-07-01,एरर फेचिंग थे सर्च रिजल्ट्स
Bin Tere Sanam ,Udit Narayan,My Best Collection - Udit Narayan,2016-07-01,बिन तेरे सनम मर मिटेंगे हम आ मेरी ज़िंदगी बिन तेरे सनम मर मिटेंगे हम आ मेरी ज़िंदगी आना ही पड़ा सजना ज़ालिम है दिल की लगी आना ही पड़ा सजना ज़ालिम है दिल की लगी बिन तेरे सनम मर मिटेंगे हम आ मेरी ज़िंदगी हो आना ही पड़ा सजना ज़ालिम है दिल की लगी आना ही पड़ा सजना ज़ालिम है दिल की लगी तेरे ही डैम से होगी दिल की मुराद पूरी तेरे बगैर जानम है ज़िंदगी अधूरी तेरे ही डैम से होगी दिल की मुराद पूरी तेरे बगैर जानम है ज़िंदगी अधूरी ै मेरे हंसीं अब न जा कहीं आ मेरी ज़िंदगी आना ही पड़ा सजना ज़ालिम है दिल की लगी बिन तेरे सनम मर मिटेंगे हम आ मेरी ज़िंदगी हो आना ही पड़ा सजना ज़ालिम है दिल की लगी ये जानकर बलमजी थामी है तेरी बाहें साहनी पड़ेगी सबकी कांटो भारी निगाहें ये जानकर बलमजी थामी है तेरी बाहें साहनी पड़ेगी सबकी कांटो भारी निगाहें सब सहेंगे हम और हँसेंगे हम आ मेरी ज़िंदगी ो हो हो आना ही पड़ा सजना ज़ालिम है दिल की लगी बिन तेरे सनम मर मिटेंगे हम आ मेरी ज़िंदगी आना ही पड़ा सजना ज़ालिम है दिल की लगी तुम हो मेरे तो अब है मौसम गुलाम अपना शबनम ने लिख दिया है फूलों पे नाम अपना तुम हो मेरे तो अब है मौसम गुलाम अपना शबनम ने लिख दिया है पहूओं पे नाम अपना सुन हवा यही गीत गए रही आ मेरी ज़िंदगी आना ही पड़ा सजना ज़ालिम है दिल की लगी बिन तेरे सनम मर मिटेंगे हम आ मेरी ज़िंदगी हो आना ही पड़ा सजना ज़ालिम है दिल की लगी
Tu Cheez Badi Hain ,Udit Narayan,My Best Collection - Udit Narayan,2016-07-01,एरर फेचिंग थे सर्च रिजल्ट्स
Ae Ajnabi ,Udit Narayan,My Best Collection - Udit Narayan,2016-07-01,एरर फेचिंग थे सर्च रिजल्ट्स
Maula Mere Maula,Roop Kumar Rathod,Melodious: Roop Kumar Rathod,2013-11-01,मौला मेरे मौला मेरे मौला मेरे मौला मेरे मौला मेरे मौला मेरे मौला मेरे मौला मेरे मौला मेरे मौला मेरे मौला मेरे मौला मेरे मौला मेरे मौला मेरे मौला मेरे मौला मेरे आँखें तेरी आँखें तेरी कितनी हसीं की इनका आशिक़ में बन गया हूँ मुझको बसा ले इन में तू इश्क़ है मौला मेरे मौला मेरे मौला मेरे मौला मेरे इश्क़ है मौला मेरे मौला मेरे मौला मेरे मौला मेरे की इनका आशिक़ में बन गया हूँ मुझको बसा ले इन में तू मुझसे यह हर घडी मेरा दिल कहे तुम ही हो उसकी आरज़ू मुझसे यह हर घडी मेरे लैब कहे तेरी ही हो सब गुफ्तगू बातें तेरी इतनी हसीं मैं याद इनको जब करता हूँ फूलों सी आये खुशबू रख लून छुपा के मैं कहीं तुझको साया भी तेरा ना मैं दूँ रख लून बना के कहीं घर मैं तुझे साथ तेरे मैं ही रहूं ज़ुल्फ़ें तेरी इतनी घनी देख के इनको यह सोचता हूँ साये में इनके मैं जियूं इश्क़ है मौला मेरे मौला मेरे मौला मेरे मौला मेरे इश्क़ है मौला मेरे मौला मेरे मौला मेरे मौला मेरे मेरा दिल यही बोला मेरा दिल यही बोला यारा राज यह उसने है मुझ पर खोला की है इश्क़ मोहब्बत जिसके दिल में उसको पसंद करता है मौला मेरा दिल यही बोला मेरा दिल यही बोला यारा राज यह उसने है मुझ पर खोला की है इश्क़ मोहब्बत जिसके दिल में उसको पसंद करता है मौला मेरा दिल यही बोला मेरा दिल यही बोला यारा राज यह उसने है मुझ पर खोला की है इश्क़ मोहब्बत जिसके दिल में उसको पसंद करता है मौला
Suraj Hua Maddham ,Sandesh Shandilya,Sonu Nigam: Best of Me,2011-12-16,सूरज हुआ मद्धम चाँद जलने लगा आसमान यह है क्यों पिघलने लगा सूरज हुआ मद्धम चाँद जलने लगा आसमान यह है क्यों पिघलने लगा मैं ठहरा रहा ज़मीन चलने लगी धड़का यह दिल सास थमने लगी ओह क्या यह मेरा पहला पहला प्यार है सजना क्या यह मेरा पहला पहला प्यार है सूरज हुआ मद्धम चाँद जलने लगा आसमान यह है क्यों पिघलने लगा सूरज हुआ मद्धम चाँद जलने लगा आसमान यह है क्यों पिघलने लगा मैं ठहरा रहा ज़मीन चलने लगी धड़का यह दिल सास थमने लगी ओह क्या यह मेरा पहला पहला प्यार है सजना क्या यह मेरा पहला पहला प्यार है है खूबसूरत यह पल सब कुछ रहा है बदल सपने हकीकत में जो ढल रहे हैं क्या सदियों से पुराण है रिश्ता यह हमारा के जिस तरह तुम से हम मिल रहे है यूँही रहे हर डैम प्यार का मौसम यूँही मिलो हम से तुम जनम जनम मैं ठहरा रहा ज़मीन चलने लगी धड़का यह दिल सास थमने लगी क्या यह मेरा पहला पहला प्यार है सजना क्या यह मेरा पहला पहला प्यार है तेरे ही रंग से यूँ में तो रंगी हूँ सनम पाके तुझे खुद से ही खो रहीं हूँ सनम ओह माहिया मैं तेरे इश्क़ में हाँ डूब के पार में हो रही हूँ सनम सागर हुआ प्यासा रात जागने लगी शोले के दिल में भी आग जलने लगी मैं ठहरा रहा ज़मीन चलने लगी धड़का यह दिल सास थमने लगी क्या यह मेरा पहला पहला प्यार है सजना क्या यह मेरा पहला पहला प्यार है सूरज हुआ मद्धम चाँद जलने लगा आसमान यह है क्यों पिघलने लगा सजना क्या यह मेरा पहला पहला प्यार है
Satarangi Re ,Sonu Nigam,Bollywood's Musical Extravaganza - Sonu Nigam & Sukhwinder Singh,2016-07-01,एरर फेचिंग थे सर्च रिजल्ट्स
Rehnaa Hai Tere Dil Mein,Sonu Nigam,The Versatile,2013-11-01,एरर फेचिंग थे सर्च रिजल्ट्स
Shukran Allah ,Salim–Sulaiman,Sonu Nigam: Best of Me,2011-12-16,एरर फेचिंग थे सर्च रिजल्ट्स
Soniyo ,Raju Singh,Sonu Nigam: Best of Me,2011-12-16,ो ो हो बेबी के स्टैंड बी माय साइड के न बे माय गाइडिंग लाइट ो ी विल बे व्हाट यू वांट में तो बे ी विल गिव आल माय लव इन व्होले ऑफ़ माय लाइफ सोनिया यो यो यो ो सोनिया तुम्हे देखता हु तोह सोचता हु बस यही तुम जो ो ो मेरा साथ दो ो ो ो सारे घूम भुलाके जी लू मुस्कुराके ज़िन्दगी तू दे दे मेरा साथ थम ले हाथ चाहे जो भी हो बात तू बस दे दे मेरा साथ तू दे दे मेरा साथ थम ले हाथ चाहे जो भी हो बात तू बस दे दे मेरा साथ ी गेट थिस फीलिंग नाउ ी कैन नॉट वेट नो लॉन्गर ी क्नोव योर लव विल कीप में हैप्पी विल कीप में स्ट्रांगर ी गेट थिस फीलिंग नाउ कैन नॉट लाइव विथाउट यू ी क्नोव योर लव्स थे ओनली ओने सो ट्रू राहो में तनहा हूँ साथ ले चल यूँ संग तेरे सफर पूरा करूँ राहो में तनहा हूँ साथ ले चल यूँ संग तेरे सफर पूरा करूँ क्या कहूं ए ज़िन्दगी तू है मेरी सांस रहना तू पास हर घडी तू दे दे मेरा साथ थम ले हाथ चाहे जो भी हो बात तू बस दे दे मेरा साथ तू बस दे दे मेरा साथ तुझको जो पाया तोह हरी यह लगता क्यों बाहों में बस तेरी महफूज हूँ तुझको जो पाया तोह हरी यह लगता क्यों बाहों में बस तेरी महफूज हूँ तुम बनो साया मेरा ज़िन्दगी में आओ ज़िन्दगी बिताओ बस यही तू दे दे मेरा साथ थम ले हाथ चाहे जो भी हो बात तू बस दे दे मेरा साथ तू बस दे दे मेरा साथ बेबी के स्टैंड बी माय साइड के न बे माय गाइडिंग लाइट ो ी विल बे व्हाट यू वांट में तो बे ी विल गिव आल माय लव इन व्होले ऑफ़ माय लाइफ बेबी के न बे माय गाइडिंग लाइट
Abhi Mujh Mein Kahin ,Ajay-Atul,Sonu Nigam: Best of Me,2011-12-16,अभी मुझ में कहीं बाकी थोड़ी सी है ज़िन्दगी जगी धड़कन नयी जाना ज़िंदा हूँ मैं तोह अभी कुछ ऐसी लगन इस लम्हे में है यह लम्हा कहाँ था मेरा अब है सामने इससे छू लून ज़रा मर्डर जाऊं या जी लून ज़रा खुशियां चूम लून या रो लून ज़रा मर्डर जाऊं या जी लून ज़रा हूँ अभी मुझ में कहीं बाकी थोड़ी सी है ज़िन्दगी हूँ धुप में जलते हुए तन्न को छाया पेड़ की मिल गयी रूठे बच्चे की हंसी जैसे फुसलाने से फिर खिल गयी कुछ ऐसा ही अब दिल को महसूस हो रहा है बरसों के पुराने ज़ख्मों पे मरहम लगा सा है कुछ ऐसा रेहम इस लम्हे में है ये लम्हा कहाँ था मेरा अब है सामने इससे छू लून ज़रा मर्डर जाऊं या जी लून ज़रा खुशियां चूम लून या रो लून ज़रा मर्डर जाऊं या जी लून ज़रा डोर से टूटी पतंग जैसी थी यह ज़िंदगानी मेरी आज हूँ कल हो मेरा न हो हर दिन थी कहानी मेरी एक बंधन नया पीछे से अब मुझको बुलाये आने वाले कल की क्यों फ़िक्र मुझको सत्ता जाए इक ऐसी चुभन इस लम्हे में है यह लम्हा कहाँ था मेरा अब है सामने इससे छू लून ज़रा मर्डर जाऊं या जी लून ज़रा खुशियां चूम लून या रो लून ज़रा मर्डर जाऊं या जी लून ज़रा
Nagada Sang Dhol,Shreya Ghoshal,Ram-Leela (Original Motion Picture Soundtrack),2013-10-01,हे दिन तड़ाक दिन तड़ाक आजा उड़द के सरात पैरों से बेदी ज़रा खोल नागदा संग ढोल बाजे ढोल बाजे धान्य धान्य धाम धाम धान्य नागदा संग ढोल बाजे ढोल बाजे धान्य धान्य धान्य धाम धान्य हे दिन तड़ाक दिन तड़ाक आजा उड़द के सरात पैरों से बेदी ज़रा खोल नागदा संग ढोल बाजे ढोल बाजे धान्य धान्य धाम धाम धान्य नागदा संग ढोल बाजे ढोल बाजे धान्य धान्य धान्य धाम धान्य लीली लेमड़ी रे लीलो नागर वेळ नो छोड़ प्रभु परोध न रे मारा घेर उतारा करता जाओ उतारो नहीं करूँ रे मार घेर सीता जुवे वाट सीता अकेला रे जुवे राम लखमन नई वाट हां पल पल रे पल पल बीता जल जल नाच अब चल आ जा रे थर्र थर्र हाँ काम्पे थर्र थर्र हां डर डर जी से डर अब न न पाको में बोलै बोलै रे बोलै मोर बतलावे दिल का भूगोल नागदा संग ढोल बाजे ढोल बाजे धान्य धान्य धाम धाम धान्य नागदा संग ढोल बाजे ढोल बाजे धान्य धान्य धान्य धाम धान्य हे दिन तड़ाक दिन तड़ाक आजा उड़ के सरात पैरों से बेदी ज़रा खोल नागदा संग ढोल बाजे ढोल बाजे धान्य धान्य धाम धाम धान्य नागदा संग ढोल बाजे ढोल बाजे धान्य धान्य धान्य धाम धान्य लीली लेबड़ी रे लीलो नागर वेळ नो छोड़ प्रभु परोध न रे मारा घेर उतारा करता जाओ उतारो नहीं करूँ रे मार घेर सीता जुवे वाट सीता अकेला रे जुवे राम लखमन नई वाट हे ढोल बाजे ज्वाइन लयरिक्सबाइए ों टेलीग्राम
Barso Re ,A.R. Rahman,Best of Bollywood: Shreya Ghoshal,2016-07-08,ना रे ना रे ना रे ना रे ना रे ना रे ना रे ना रे बरसो रे मेघा मेघा बरसो रे मेघा मेघा बरसो रे मेघा बरसो मीठा है कोसा है बारिश का बोसा है कोसा है कोसा है बारिश का बोसा है जल जल जल जल जल जल जल थल जल थल चल चल चल चल चल चल बेहटा चल गीली गीली गीली है है है है है गीली गीली मति गीली मति के चल घेरेंगे बनाएंगे रे हरी भरी ाम्बी ाम्बी की डाली मिल के झूले झुलाएंगे रे ओह धन बैजू गयी ने हल जाते सबने बैलों की घंटी बजी और ताल लगे भरने रे तैर की चली मई तोह पर चली पर वाले पार्ले किनार चली रे मेघा नन्ना रे नन्ना रे नन्ना रे ना ना रे नन्ना रे नन्ना रे नन्ना रे ना ना रे तू तू तुरु तू तू तुरु काली काली रेट काली रातो में यह बदरवा बरस जायेगा गली गली मुझको मेघा ढूंढेगा और गरज के पलट जायेगा घर आँगन अंगना और पानी का झरना भूल ना जाना मुझे पूछेंगे सब वार्ना रे बहके चली मई तोह बहके चली रे कहते चली मई तोह कहके चली रे मेघा नन्ना रे नन्ना रे नन्ना रे ना ना रे नन्ना रे नन्ना रे नन्ना रे ना ना रे
Agar Tum Mil Jao,Shreya Ghoshal,Selfie with Shreya Ghoshal,2014-05-30,अगर तुम मिल जाओ ज़माना छोड़ देंगे हम अगर तुम मिल जाओ ज़माना छोड़ देंगे हम अगर तुम मिल जाओ ज़माना छोड़ देंगे हम तुम्हे पा कर ज़माने भर से रिश्ता तोड़ देंगे हम अगर तुम मिल जाओ ज़माना छोड़ देंगे हम अगर तुम मिल जाओ ज़माना छोड़ देंगे हम बिना तेरे कोई दिलकश नज़ारा हम न देखेंगे बिना तेरे कोई दिलकश नज़ारा हम न देखेंगे तुम्हे न हो पसंद उसको दोबारा हम न देखेंगे तेरी सूरत न हो जिस में तेरी सूरत न हो जिस में वह शीशा तोड़ देंगे हम अगर तुम मिल जाओ ज़माना छोड़ देंगे हम तेरे दिल में रहेंगे तुझको अपना घर बना लेंगे तेरे दिल में रहेंगे तुझको अपना घर बना लेंगे तेरे ख़्वाबों को बहेनो की तरह खुद पर सजा लेंगे कसम तेरी कसम कसम तेरी कसम तक़दीर का रोग मोड़ देंगे हम अगर तुम मिल जाओ ज़माना छोड़ देंगे हम तुम्हे हम अपने जिस्मोजां में कुछ ऐसे बसा लेंगे तुम्हे हम अपने जिस्मोजां में कुछ ऐसे बसा लेंगे तेरी खुशबू अपने जिस्म की खुशबू बना लेंगे खुदा से भी न जो टूटे खुदा से भी न जो टूटे वह रिश्ता जोड़ लेंगे हम अगर तुम मिल जाओ ज़माना छोड़ देंगे हम तुम्हे पा कर ज़माने भर से रिश्ता तोड़ देंगे हम अगर तुम मिल जाओ ज़माना छोड़ देंगे हम अगर तुम मिल जाओ ज़माना छोड़ देंगे हम
Hai Mera Dil ,Alka Yagnik,Bollywood Melody Queen (Alka Yagnik),2016-07-01,इतना प्यार है यह प्यार प्यारा प्यारा हुआ है पहली बार होता है एक बार फिर न होगा यह दुबारा है मेरा दिल चुराके ले गया चुराने वाला मेरा कातिल है मेरा दिल चुराके ले गयी चुराने वाली मेरी कातिल यह दिल तुझपे आया है आते आते दर्दे दिल तो जाते है जाते जाते जागे हैं सोये हैं हम दोनों खोये हैं कैसी तन्हाई है मस्ती सी छायी है यह मौसम है प्यार के काबिल है मेरा दिल चुराके ले गया चुराने वाला मेरा कातिल अब तो काटे न कटे प्यासी राते कुछ कुछ होता है सुन के ऐसी बाते बेचैनी सहने दे पलकों में रहने दे तेरी बाहों में है तेरी राहों में है जानेजाना मेरी मंज़िल है मेरा दिल चुराके ले गयी चुराने वाली मेरी कातिल है मेरा दिल चुराके ले गया चुराने वाला मेरा कातिल इतना प्यार है यह प्यार प्यारा प्यारा हुआ है पहली बार होता है एक बार फिर न होगा यह दुबारा
Tip Tip Barsa Paani ,Udit Narayan,Musical Delight,2016-07-01,टिपटिप बरसा पानी टिपटिप बरसा पानी पानी ने आग लगाई आग लगी दिल में तो दिल को तेरी याद आयी तेरी याद आयी तो जल उठा मेरा भीगा बदन अब तुम ही बताओ साजन मैं क्या करू नाम तेरा मेरे लबों पे आया था नाम तेरा मेरे लबों पे आया था हो मैंने बहाने से तुम्हे बुलाया था झूम कर आ गया सावन मैं क्या करू टिपटिप बरसा पानी पानी ने आग लगाई आग लगी दिल में तो दिल को तेरी याद आयी तेरी याद आयी तो जल उठा मेरा भीगा बदन अब तुम ही बताओ साजन मैं क्या करू डूबा दरिया में खड़ा मैं साहिल पर डूबा दरिया में खड़ा मैं साहिल पर तू बिजली बनकर गिरी मेरे दिल पर चली ऐसी यह पागल पवन मैं क्या करू टिपटिप बरसा पानी पानी ने आग लगाई आग लगी दिल में जो तोह दिल को तेरी याद आयी तेरी याद आयी तो छ गया मुझपे दीवानापन मेरे बस में नहीं मेरा मैं मैं क्या करू
Zara Sa Jhoom Loon Main ,Asha Bhosle,The Very Best Of Asha Bhosle: The Queen Of Bollywood,2004,ज़रा सा झूम लून मैं अरे न रे न रे न ज़रा सा घूम लून मैं अरे न रे न रे न आ तुझे चूम लून मैं अरे न रे न बाबा न मैं चली बांके हवा रब्बा मेरे मैनु बचा ज़रा सा झूम लून मैं अरे न रे न रे न ज़रा सा घूम लून मैं अरे न रे न रे न आ तुझे चूम लून मैं अरे न रे न बाबा न मैं चली बांके हवा रब्बा मेरे मैनु बचा मौसम ये बेईमान मस्ती का ये सामान रोको ो लोगों ज़मीन पे गिरने लगा आसमान ठुमक ठुमक के झूलूँगी मैं उड़के गगन को छूलूंगी मैं चली बांके हवा रब्बा मेरे मैनु बचा ज़रा सा झूम लून मैं अरे न रे न रे न ज़रा सा घूम लून मैं अरे न रे न रे न आ तुझे चूम लून मैं अरे न रे न बाबा न ठंडी ठंडी पवन जलता है ये बदन जी चाहता है बना लून तुझको अपना साजन हुआ नहीं ये पहले कभी मेरी जान बदल गयी अभी अभी मैं चली बांके हवा रब्बा मेरे मैनु बचा ज़रा सा झूम लून मैं अरे न रे न रे न ज़रा सा घूम लून मैं अरे न रे न रे न आ तुझे चूम लून मैं अरे न रे न बाबा न जाती है तू कहाँ जानेमन जानेजां लड़की है तू खूबसूरत लड़का मैं नौजवान तुझे गले लगा लून आ पल्खों में बिठा लून आ हो गया मुझे नशा रब्बा मेरे मैनु बचा ज़रा सा झूम लून मैं अरे न रे न रे न ज़रा सा घूम लून मैं अरे न रे न रे न आ तुझे चूम लून मैं अरे न रे न बाबा न हो गया मुझे नशा रब्बा मेरे मैनु बचा
Neele Neele Ambar Par,Kalyanji-Anandji,Kalaakaar (Original Motion Picture Soundtrack),1983-06-10,कोई न तुमसे है ो मेरे साथिया नीले नीले अम्बर पे चाँद का पहरा हस्ता हुआ देखु साजन तेरा चेहरा नीले नीले अम्बर पे चाँद का पहरा हस्ता हुआ देखु साजन तेरा चेहरा कोई न तुमसे है ो मेरे साथिया नीले नीले अम्बर पे चाँद का पहरा हस्ता हुआ देखु साजन तेरा चेहरा कोई न तुमसे है ो मेरे साथिया नीले नीले अम्बर पे चाँद का पहरा हस्ता हुआ देखु साजन तेरा चेहरा तेरी सूरत लगे हर ख़ुशी की तरह प्यार तेरा लगे ज़िन्दगी की तरह फूल अपनी मोहब्बत के खिलते रहे हर जनम तुमसे हम यूँ ही मिलते रहे तेरी तकदीर में तू मुकद्दर मेरा मैं पुजारन तेरी तू है मंदार मेरा मैं पुजारन तेरी तू है मंदार मेरा कोई न तुमसे है ो मेरे साथिया नीले नीले अम्बर पे चाँद का पहरा हस्ता हुआ देखु साजन तेरा चेहरा मैं तेरी प्यास हु तू मेरी प्यास है देख ले न मेरा दिल तेरे पास है तू है नगमा मेरा तू है मेरी ग़ज़ल तू है मेरी मोहब्बत का ताज महल मैंने सोची है जो तू मेरी ाश है तू मेरे प्यार का एक इतिहास है तू मेरे प्यार का एक इतिहास है कोई न तुमसे है ो मेरे साथिया नीले नीले अम्बर पे चाँद का पहरा हस्ता हुआ देखु साजन तेरा चेहरा नीले नीले अम्बर पे चाँद का पहरा हस्ता हुआ देखु साजन तेरा चेहरा कोई न तुमसे है ो मेरे साथिया नीले नीले अम्बर पे चाँद का पहरा हस्ता हुआ देखु साजन तेरा चेहरा
Yeh Jo Mohabbat Hai,Kishore Kumar,Best of Kishore Kumar,2014-09-28,ये जो मोहब्बत है ये उनका हैं काम मेहबूब का जो बस लेते हुए नाम मर जाए मिट जाए हो जाए बदनाम रहने दो छोडो भी जाने दो यार हम न करेंगे प्यार रहने दो छोडो भी जाने दो यार हम न करेंगे प्यार टूटे अगर सागर नया सागर कोई ले ले मेरे खुदा दिल से कोई किसी के न खेले टूटे अगर सागर नया सागर कोई ले ले मेरे खुदा दिल से कोई किसी के न खेले दिल टूट जाए तोह क्या हो अंजाम ये जो मोहब्बत है ये उनका हैं काम मेहबूब का जो बस लेते हुए नाम मर जाए मिट जाए हो जाए बदनाम रहने दो छोडो भी जाने दो यार हम न करेंगे प्यार रहने दो छोडो भी जाने दो यार हम न करेंगे प्यार आँखे किसी से ना उलझ जाए मैं डरता हु यारो हसीनो की गली से मैं गुजरता हु आँखे किसी से ना उलझ जाए मैं डरता हु यारो हसीनो की गली से मैं गुजरता हु बस दूर ही से कर के सलाम ये जो मोहब्बत है ये उनका हैं काम मेहबूब का जो बस लेते हुए नाम मर जाए मिट जाए हो जाए बदनाम रहने दो छोडो भी जाने दो यार हम न करेंगे प्यार रहने दो छोडो भी जाने दो यार हम न करेंगे प्यार रहने दो छोडो भी जाने दो यार हम न करेंगे प्यार रहने दो छोडो भी जाने दो यार हम न करेंगे प्यार
O Mere Dil Ke Chain,Kishore Kumar,Kabhie To hasaye Kabhi To Rutaye,1972-03-03,ो मेरे दिल के चैन ो मेरे दिल के चैन चैन आए मेरे दिल को दुआ कीजिये ो मेरे दिल के चैन चैन आए मेरे दिल को दुआ कीजिये अपना ही साया देख के तुम जाने जहां शर्मा गए अभी तो ये पहली मंज़िल है तुम तो अभी से घबरा गए मेरा क्या होगा सोचो तो ज़रा है ऐसे ना ाँहें भरा कीजिये ो मेरे दिल के चैन चैन आए मेरे दिल को दुआ कीजिये आप का अरमां आप का नाम मेरा तराना और नहीं इन झुकाती पलको के सिवा दिल का ठिकाना और नहीं जचता ही नहीं आँखों में कोई दिल तुमको ही चाहे तो क्या कीजिये ो मेरे दिल के चैन चैन आए मेरे दिल को दुआ कीजिये यूँ तो अकेला ही अकसर गिर के संभल सकता हूँ मैं तुम जो पकड़ लो हाथ मेरा दुनिया बदल सकता हूँ मैं माँगा है तुम्हें दुनिया के लिए अब कूद ही सनम फैसला कीजिये ो मेरे दिल के चैन चैन आए मेरे दिल को दुआ कीजिये ो मेरे दिल के चैन ो मेरे
Apni To Jaise Taise,Kishore Kumar,Meri Awaaz Suno - Kishore Kumar,2017-04-25,अपनी तो जैसे तैसे थोड़ी ऐसे या वैसे अपनी तो जैसे तैसे थोड़ी ऐसे या वैसे काट जायेगी आपका क्या होगा जनाबेआली आपका क्या होगा अपने आगे न पीछे न कोई ऊपर नीचे अपने आगे न पीछे न कोई ऊपर नीचे रोनेवाला न कोई रोनेवाली जनाबेआली आपका क्या होगा आप भी मेरी तरह इंसान की औलाद हैं आप मुँह मांगी दुआ हम उनसूनी फर्याद हैं आप भी मेरी तरह इंसान की औलाद हैं आप मुँह मांगी दुआ हम उनसूनी फर्याद हैं वह जिन्हे सारा ज़माना समझे लावारिस यहाँ आप जैसे ज़ालिमों के ज़ुल्म की इजात हैं गाली हुज़ूर की तो लगती दुआओं जैसी गाली हुज़ूर की तो लगती दुआओं जैसी हम दुआ भी दे तो लगे है गाली आपका क्या होगा जनाबेआली आपका क्या होगा हम आपके माथे से छलके जो पसीना भी कहीं आसमा हिलने लगे और काँप उठे यह ज़मीन आपका तो यह पसीना खून से भी कीमती और अपने खून की कीमत यहाँ कुछ भी नहीं अपना तो खून पानी जीना मरना बेमानी अपना तो खून पानी जीना मरना बेमानी वक़्त की हर ऐडा है अपनी देखि भली आपका क्या होगा जनाबेआली आपका क्या होगा हाँ अपनी तो जैसे तैसे थोड़ी ऐसे या वैसे अपनी तो जैसे तैसे थोड़ी ऐसे या वैसे काट जायेगी आपका क्या होगा जनाबेआली आपका क्या होगा अपने आगे न पीछे न कोई ऊपर नीचे अपने आगे न पीछे न कोई ऊपर नीचे रोनेवाला न कोई रोनेवाली जनाबेआली आपका क्या होगा
Pyar Hua Iqrar Hua,Manna Dey,"Legends: Manna Dey - The Maestro, Vol. 1",2013-03-05,प्यार हुआ इक़रार हुआ है प्यार से फिर क्यों डरता है दिल प्यार हुआ इक़रार हुआ है प्यार से फिर क्यों डरता है दिल कहता है दिल रास्ता मुश्किल मालुम नहीं है कहा मंज़िल कहता है दिल रास्ता मुश्किल मालुम नहीं है कहा मंज़िल प्यार हुआ इक़रार हुआ है प्यार से फिर क्यों डरता है दिल कहता है दिल रास्ता मुश्किल मालुम नहीं है कहा मंज़िल प्यार हुआ इक़रार हुआ है प्यार से फिर क्यों डरता है दिल कहो की अपनी प्रीत का गीत का बदलेगा कभी तुम भी कहो इस राह का मीट ना बदलेगा कभी प्यार जो टुटा प्यार जो छूटा चाँद ना चमकेगा कभी आहा हां आहा हां आ प्यार हुआ इक़रार हुआ है प्यार से फिर क्यों डरता है दिल कहता है दिल रास्ता मुश्किल मालुम नहीं है कहा मंज़िल प्यार हुआ इक़रार हुआ है प्यार से फिर क्यों डरता है दिल रातो दसो दिशाओ से कहेगी अपनी कहियाँ प्रीत हमारे प्यार की दोहराएगी जवनिया मई न रहूगी तुम न रहोगे फिर भी रहेगी निशानियां प्यार हुआ इक़रार हुआ है प्यार से फिर क्यों डरता है दिल कहता है दिल रास्ता मुश्किल मालुम नहीं है कहा मंज़िल कहता है दिल रास्ता मुश्किल मालुम नहीं है कहा मंज़िल प्यार हुआ इक़रार हुआ है प्यार से फिर क्यों डरता है दिल
"Say ""Shava Shava""",Aadesh Shrivastava,Kabhi Khushi Kabhie Gham (Original Motion Picture Soundtrack),2001-11-28,एरर फेचिंग थे सर्च रिजल्ट्स
It's the Time to Disco,Shankar-Ehsaan-Loy,Kal Ho Naa Ho (Original Motion Picture Soundtrack),2003-09-20,दिल है मेरा दीवाना क्या कहता है अब घबराना क्या ताल पे जब झूमे बदन हिचकिचाना शर्माना क्या खुल के झूमों खुल के गाओ आओ आओ यह खुल के कहो इतस थे टाइम तो डिस्को इतस थे टाइम तो डिस्को कौन मिले है किसको इतस थे टाइम तो डिस्को दिल है मेरा दीवाना क्या कहता है अब घबराना क्या ताल पे जब झूमे बदन हिचकिचाना शर्माना क्या खुल के झूमों खुल के गाओ आओ आओ यह खुल के कहो इतस थे टाइम तो डिस्को इतस थे टाइम तो डिस्को कौन मिले देखो किसको इतस थे टाइम तो डिस्को बलखाता है बदन ऐसी जो ताल है साँसों में चलती है आंधियां बहकता है यह मान अब तो यह हाल है मस्ती में खोये है हम यहाँ तुम भी खोके मस्त होक कोई तोके तो खुल के कहो इतस थे टाइम तो डिस्को इतस थे टाइम तो डिस्को कह दो मिलो जिस जिसको इतस थे टाइम तो डिस्को जोश में नाचती रंगीन शाम है बिन पिए झूमता हैस ामा होश का अब यहाँ बोलो क्या काम है तेज़ है धड़कने दिल जवान यह ही रह है ठीक है न और है कहना तो खुल के कहो इतस थे टाइम तो डिस्को इतस थे टाइम तो डिस्को समझो ज़रा तुम इसको इतस थे टाइम तो डिस्को दिल है मेरा दीवाना क्या कहता है अब घबराना क्या ताल पे जब झूमे बदन हिचकिचाना शर्माना क्या खुल के झूमों खुल के गाओ आओ आओ यह खुल के कहो इतस थे टाइम तो डिस्को इतस थे टाइम तो डिस्को कौन मिले देखो किसको इतस थे टाइम तो डिस्को इतस थे टाइम तो डिस्को इतस थे टाइम तो डिस्को कौन मिले देखो किसको इतस थे टाइम तो डिस्को
Main Jahaan Rahoon ,Rahat Fateh Ali Khan,Namastey London,2007-01-27,एरर फेचिंग थे सर्च रिजल्ट्स
Second Hand Jawaani ,Miss Pooja,Tanu Likes,2015-03-23,एरर फेचिंग थे सर्च रिजल्ट्स
Surili Akhiyon Wale ,Rahat Fateh Ali Khan,Manu Loves,2015-03-23,सुरीली आन्ह्कियों वाले सुना है तेरी आंखियों से बहती है नींदें और नींदों में सपने कभी तो किनारे पे उतर मेरे सपनो से आजा ज़मीन पे और मिल जा कहीं पे मिल जा कहीं ो ू ो मिल जा कहीं समय से परे समय से परे मिल का कहीं तू भी आंखियों से कभी मेरी आंखियों की सुन सुरीली आन्ह्कियों वाले सुना है तेरी आंखियों से जाने तू कहाँ है उड़ती हवा पे तेरे पैरो की निशान देखे जाने तू कहाँ है उड़ती हवा पे तेरे पैरो की निशान देखे ढोंढा है ज़मीन पे जाना है फलक पे सरे आसमान देखे मिल जा कहीं समय से परे समय से परे मिल का कहीं तू भी आंखियों से कभी मेरी आंखियों की सुन सुरीली आन्ह्कियों वाले सुना है तेरी आंखियों से एवेरीतिमे ी लुक ईंटो योर आईज ी सी माय पैराडाइस थे स्टार्स अरे शाइनिंग राइट उप इन थे स्काई पेंटिंग वर्ड्स ऑफ़ डिजायर कैन थिस बे रियल कैन थिस बे रियल अरे यू थे ओने फॉर में अरे यू थे ओने फॉर में यू हैवे कैप्चर्ड माय मंद माय हार्ट माय सोल ों एअर्थ यू अरे थे ओने वेटिंग फॉर एवेरीतिमे ी लुक ईंटो योर आईज ी सी माय पैराडाइस स्टार्स अरे शाइनिंग राइट उप इन थे स्काई पेंटिंग वर्ड्स ऑफ़ डिजायर उठ में चुपके देख रहे थे चाँद के पीछे पीछे थे उठ में चुपके देख रहे थे चाँद के पीछे पीछे थे सारा जहाँ देखा देखा न आँखों में पलकों के नीचे थे आ चल कहीं समय से परे समय से परे चल दे कहीं तू भी आंखियों से कभी मेरी आंखियों की सुन सुरीली आन्ह्कियों वाले सुना है तेरी आंखियों से सुरीली आन्ह्कियों वाले सुना दे ज़रा आंखियों से सुरीली आन्ह्कियों वाले सुना दे ज़रा आंखियों से सुरीली आन्ह्कियों वाले सुना दे ज़रा आंखियों से
Pani Da Rang Male ,Ayushmann Khurrana,Manu Loves,2015-03-23,एरर फेचिंग थे सर्च रिजल्ट्स
Tum Hi Ho Bandhu ,Neeraj Shridhar,Cocktail,2012-06-12,एरर फेचिंग थे सर्च रिजल्ट्स
Enna Sona ,A.R. Rahman,"Enna Sona (From ""OK Jaanu"")",2017-01-04,ेन्ना सोना क्यों रब्ब ने बनाया ेन्ना सोना क्यों रब्ब ने बनाया ेन्ना सोना क्यों रब्ब ने बनाया ेन्ना सोना क्यों रब्ब ने बनाया ावन जवान ते मैं यारा न मनावन ावन जवान ते मैं यारा न मनावन ेन्ना सोना ेन्ना सोना ेन्ना सोना ो ेन्ना सोना क्यों रब्ब ने बनाया ेन्ना सोना ो ेन्ना सोना ो ेन्ना सोना ेन्ना सोना कॉल होव ते सीख लगदा ऐ दूर जावे ते दिल जल्द ऐ केहड़ी अग्ग नाल रब्ब ने बनाया रब्ब ने बनाया रब्ब ने बनाया ेन्ना सोना क्यों रब्ब ने बनाया ेन्ना सोना क्यों रब्ब ने बनाया ावन जवान ते मैं यारा न मनावन ावन जवान ते मैं यारा न मनावन ेन्ना सोना ेन्ना सोना ेन्ना सोना ो ेन्ना सोना ेन्ना सोना ेन्ना सोना ेन्ना सोना ताप लगे ना ताड़ी चंडी डा साड़ी राति मैं ओस छिड़कवान किन्ने दर्डा नाल रब्ब ने बनाया रब ने बनाया रब ने बनाया ेन्ना सोना क्यों रब्ब ने बनाया ेन्ना सोना क्यों रब्ब ने बनाया ावन जवान ते मैं यारा न मनावन ावन जवान ते मैं यारा न मनावन ेन्ना सोना ेन्ना सोना ेन्ना सोना ो
Pehli Nazar Mein ,Atif Aslam,Atif Hit Story,2013-03-05,पहली नज़र में कैसे जादो कर दिया तेरा बन बैठा है मेरा जिया जाने क्या होगा क्या होगा क्या पता इस पल को मिलके आ जी ले ज़रा में हूँ यहाँ तू है यहाँ मेरी बाँहों में आ आ भी जा ो जानेजां दोनों जहाँ मेरी बाँहों में आ भूल जा आ ो जानेजां दोनों जहाँ मेरी बाँहों में आ भूल जा आ बेबी ी लव ु बेबी ी लव यू बेबी ी लव यू बेबी ी लव योसो बेबी ी लव यू ओह ी लव यू ी लव यू ी लव यू सो बेबी ी लव यू हर दुआ में शामिल तेरा प्यार है बिन तेरे लम्हा भी दुश्वार है धधकों को तुझे से ही डरकर है तुझसे है रहतें तुझसे है चाहतें हर दुआ में शामिल तेरा प्यार है बिन तेरे लम्हा भी दुश्वार है धधकों को तुझे से ही डरकर है तुझसे है रहतें तुझसे है चाहतें तू जो मिली एक दिन मुझे में कहीं हो गया लापता ो जानेजां दोनों जहाँ मेरी बाँहों में आ भूल जा आ ो जानेजां दोनों जहाँ मेरी बाँहों में आ भूल जा आ कर दिया दीवाना दर्दकाश ने चैन चीन िस्ख के एहसास ने बेखयाली दी है तेरे प्यास ने चाय सुरूर है कुछ तो ज़रूर है कर दिया दीवाना दर्दकाश ने चैन चीन िस्ख के एहसास ने बेखयाली दी है तेरे प्यास ने चाय सुरूर है कुछ तो ज़रूर है यह दूरियां जीने न दे हल मेरा तुझे न पता ो जानेजां दोनों जहाँ मेरी बाँहों में आ भूल जा आ ो जानेजां दोनों जहाँ मेरी बाँहों में आ भूल जा आ बेबी ी लव यू बेबी ी लव यू बेबी ी लव यू बेबी ी लव यू सो बेबी ी लव यू ओह ी लव यू बेबी ी लव यू ी लव यू
Sab Tera,Shraddha Kapoor,Best of Bollywood March,2017-04-12,इंग्लिश न जीया ज़िन्दगी एक पल भी तुझसे होक जुड़ा सुन ज़रा बिन तेरे मुझसे नाराज़ था दिल तू मिला है तो है कह रहा मैं तो तेरे रंग में रंग चूका हूँ बस तेरा बन चूका हूँ मेरा मुझ में कुछ नहीं सब तेरा मैं तो तेरे ढंग में ढल चुकी हूँ बस तेरी बन चुकी हूँ मेरा मुझ में कुछ नहीं सब तेरा सब तेरा सब तेरा फिर दिल के रास्तो पे तेरी आहात जो हुई हर धड़कन जश्न में है यह इनायत जो हुई हो ओफिर दिल के रास्तो पे तेरी आहात जो हुई हर धड़कन जश्न में है यह इनायत जो हुई मैं तो तुझे मिल के जी उठी हूँ तेरी धड़कन में छुपी हूँ मेरा मुझ में कुछ नहीं सब तेरा सब तेरा सब तेरा सब तेरा
Galliyan,Ankit Tiwari,Best of Bollywood March,2017-04-12,जब तक हम किसी के हमदर्द नहीं बनते न तब तक हम दर्द से और दर्द हम से जुड़ा नहीं होता ो यहीं डूबे दिन मेरे यहीं होते हैं सवेरे यहीं मरना और जीना यहीं मंदिर और मदीना ो यहीं डूबे दिन मेरे यहीं होते हैं सवेरे यहीं मरना और जीना यहीं मंदिर और मदीना तेरी गालियां गालियां तेरी गालियां मुझको भावें गालियां तेरी गालियां तेरी गलियां गालियां तेरी गालियां युहीं तडपावें गालियां तेरी गालियां तू मेरी नींदो में सोता है तू मेरे अश्क़ो में रोटा है सरगोशी सी है ख्यालों में तू न हो फिर भी तू होता है है सिला तू मेरे दर्द का मेरे दिल की दुआएं हैं तेरी गालियां गालियां तेरी गालियां मुझको भावें गलियां तेरी गलियां तेरी गलियां गालियां तेरी गालियां युहीं तडपावें गालियां तेरी गालियां कैसा है रिश्ता तेरामेरा बेचेहरा फिर भी कितना गहरा ये लम्हे लम्हे ये रेशम से खो जाएँ खो न जाएँ हमसे काफिला वक़्त का रोक ले अब्र से जुड़ा न हो तेरी गालियां गालियां तेरी गालियां मुझको भावे गलियां तेरी गलियां तेरी गलियां गालियां तेरी गालियां युहीं तडपावे गालियां तेरी गालियां गालियां तेरी गालियां तडपावें
Sun Mere Humsafar,Akhil Badrinath,Sun Mere Humsafar,2017-03-15,एरर फेचिंग थे सर्च रिजल्ट्स
Kya Usey Behkana,Arijit Singh,Kya Usey Behkana,2017-02-28,एरर फेचिंग थे सर्च रिजल्ट्स
Hua Hain Aaj Pehli Baar,Amaal Mallik,Best of Bollywood March,2017-04-12,एरर फेचिंग थे सर्च रिजल्ट्स
Judaai ,Rekha Bhardwaj,Badlapur (Original Motion Picture Soundtrack),2015-02-12,कैसी ये जुदाई है आँख भर मेरी आयी है मेरा दिल डूब रहा इसे बस अब डूब ने दो ये पहेली भर हुवा ये क्यों एहसास हुवा मेरा दिल टूट रहा इसे बस अब टूट ने दो मुझे बस अब रोने दो इस ग़म को बेहेने दो ये साथ जो छूट रहा इसे आज टूट ने दो कैसी ये जुदाई है आँख भर मेरी आयी है मेरा दिल डूब रहा इसे बस अब डूब ने दो खुश रहे बस तू मेरे दिल की यह दवा है खुद से पूछ ले तू तेरे दिल की क्या राजा है जान ले लो मेरी तेरे दिल में जो ढाबा है ये तोह बता मुझसे जुड़ा क्यों है एक बात सताती है जब तेरी याद आती है क्यों मुझसे रुट गया जाने क्यों दूर गया ये पहेली भर हुवा ये क्यों एहसास हुवा जाने अनजाने क्यों मुझे तुमसे प्यार हुवा हांसे हंस के रोता हूँ रोते रोते हँसता हूँ फिर खुद से कहता हूँ जो होना था हो ही गया
Chingari Koi Bhadke,Kishore Kumar,Meri Awaaz Suno - Kishore Kumar,2017-04-25,इंग्लिश हम्म्म चिंगारी कोई भड़के चिंगारी कोई भड़के तोह सावन उसे बुझाये सावन जो अगन लगाए उसे कौन बुझाये ो उसे कौन बुझाये पतझड़ जो बैग उजड़े वह बैग बहार खिलाये जो बैग बहार में उजड़े उसे कौन खिलाये ो उसे कौन खिलाये हमसे मत पूछो कैसे मंदिर टुटा सपनो का हमसे मत पूछो कैसे मंदिर टुटा सपनो का लोगो की बात नहीं है यह किस्सा हैं अपनो का कोई दुश्मन ठेस लगाए तोह मिट जिया बेहलाये मनमीत जो गांव लगाए उसे कौन मिटाये ना जाने क्या हो जाता जाने हम क्या कर जाते ना जाने क्या हो जाता जाने हम क्या कर जाते पिटे हैं तोह जिन्दा है ना पिटे तोह मर जाते दुनिया जो प्यासा रखे तोह मदिरा प्यास बुझाये मदिरा जो प्यास लगाए उसे कौन बुझाये ो उसे कौन बुझाये मन तूफान के आगे नहीं चलता जोर किसी का मन तूफान के आगे नहीं चलता जोर किसी का मौजो का दोष नहीं है यह दोष हैं और किसी का मझधार में नैय्या डोले तोह माज़ी पर लगाए मांझी जो नव डुबोये उसे कौन बचाये ो उसे कौन बचाये चिंगारी हम्म्म
Mere Samnewali Khidki Mein,Kishore Kumar,Meri Awaaz Suno - Kishore Kumar,2017-04-25,एरर फेचिंग थे सर्च रिजल्ट्स
Pyar Diwana Hota Hai,Kishore Kumar,Meri Awaaz Suno - Kishore Kumar,2017-04-25,एरर फेचिंग थे सर्च रिजल्ट्स
Aanewala Pal Janewala Hai,Kishore Kumar,Meri Awaaz Suno - Kishore Kumar,2017-04-25,इंग्लिश आनेवाला पल जानेवाला है आनेवाला पल जानेवाला है हो सके तोह इस में ज़िन्दगी बिता दो पल जो यह जानेवाला है हो हो आनेवाला पल जानेवाला है हो सके तोह इस में ज़िन्दगी बिता दो पल जो यह जानेवाला है हो हो एक बार यु मिली मासूम सी काली एक बार यु मिली मासूम सी काली हो खिलते हुए कहाँ पुष्पेश में चली देखा तोह यही है ढूंढा तोह नहीं है पल जो यह जानेवाला है हो हो आनेवाला पल जानेवाला है हो सके तोह इस में ज़िन्दगी बिता दो पल जो यह जानेवाला है हो हो एक बार वक्त से लम्हा गिरा कही एक बार वक्त से लम्हा गिरा कही वहां दास्ताँ मिली लम्हा कही नहीं थोड़ा सा हसके थोड़ा सा रुलाके पल यह भी जानेवाला है हो हो आनेवाला पल जानेवाला है हो सके तोह इस में ज़िन्दगी बिता दो पल जो यह जानेवाला है हो हो आनेवाला पल जानेवाला है आनेवाला पल जानेवाला है
Chala Jata Hoon,Kishore Kumar,Meri Awaaz Suno - Kishore Kumar,2017-04-25,चला जाता हूँ किसी की धुन में धड़कते दिल के तराने लिए चला जाता हूँ किसी की धुन में धड़कते दिल के तराने लिए मिलान की मस्ती भरी आँखों में हज़ारो सपने सुहाने लिए चला जाता हूँ किसी की धुन में धड़कते दिल के तराने लिए ये मस्ती के नज़ारे है तो ऐसे में संभालना कैसा मेरी क़सम तू लहराती डगरिया हो तो फिर क्यों ना चलूँ मई बहका बहका रे मेरे जीवन में ये शाम आई है मुहब्बत वाले ज़माने लिए चला जाता हूँ चला जाता हूँ किसी की धुन में धड़कते दिल के तराने लिए वो आलम भी अजब होगा वो जब मेरे करीब आएगी मेरी क़सम कभी भैय्या छुड़ा लेगी कभी हँसके गले से लग जाएगी है मेरी बाहो में मचल जाएगी वो सच्चे झूठे बहाने लिए चला जाता हूँ किसी की धुन में धड़कते दिल के तराने लिए मिलान की मस्ती भरी आँखों में हज़ारो सपने सुहाने लिए चला जाता हूँ किसी की धुन में धड़कते दिल के तराने लिए बहारो में नज़ारो में नज़र डालूं तो ऐसा लागे मेरी क़सम वो नैनो में भरे काजल घुघट खोले कड़ी है मेरे आगे रे शर्म से बोझल झुकी पलको में जवान रातो के फ़साने लिए चला जाता हूँ किसी की धुन में धड़कते दिल के तराने लिए
Dekha Na Haye Re,Kishore Kumar,Meri Awaaz Suno - Kishore Kumar,2017-04-25,एरर फेचिंग थे सर्च रिजल्ट्स
Dream Girl,Kishore Kumar,Meri Awaaz Suno - Kishore Kumar,2017-04-25,ड्रीम गर्ल ड्रीम गर्ल ड्रीम गर्ल ड्रीम गर्ल ाजी सुनिए तो ज़रा ये क्या है माजरा ड्रीम गर्ल ड्रीम गर्ल ड्रीम गर्ल ड्रीम गर्ल ाजी सुनिए तो ज़रा ये क्या है माजरा आज कल की ये जो लड़किया होती रहती क्यों खफा बेवजह सताती रहती क्यों सदा बेवजह ड्रीम गर्ल इनको कुछ सिखलाईये ज़रा लाइन पे इनको लाईये ड्रीम गर्ल वे नीड योर चमत्कार ज़रा इनको समझाइये क्या है प्यार ड्रीम गर्ल ड्रीम गर्ल ड्रीम गर्ल ड्रीम गर्ल हम क्या इनको समझाए और क्या इनको बतलाये प्यार की कौन सी नयी अदाए आती नहीं है इनको पहले जैसा आज भी है तुम समझ ना पाए इनको ज़रा सच्चे दिल से सोचो और अपने मन से पूछो कभी प्यार से प्यार को जित देने के बारे में सोचा है हमने प्यार भी आज़माया हर फार्मूला अपनाया ड्रीम गर्ल ड्रीम गर्ल हमने प्यार भी आज़माया हर फार्मूला अपनाया महंगे से महंगा तोहफा भी दिल को जित ना पाया इनके कदमो में तो हमने सारा जहाँ बिछाया ये होल्ड पे रखती हमको फालतू टेंशन देती मन को और डेट के सरे इन्वेस्टमेंट भी पानी में बह गए यार नहीं इजी है ये प्यार करवाता इंतज़ार आज कल की लड़कियों का यार ना में भी छुपा होता है इकरार पहले थोड़ा सा शर्माएगी रूठेगी मान जायेगी तुम रखो थोड़ा दिल पे इख्तियार खुद आएगी वो होक बेक़रार ड्रीम गर्ल ड्रीम गर्ल बिग बी से लेके बाजी हर स्टार थे आप पे राज़ी सुपरहिट फिल्मो में आपने क्या क्या जोड़ी बनायीं फिल्मो के बहार भी न कभी किसी से करि लड़ाई कुछ नुस्के आप बताये हम अपने प्यार को पाए वार्ना बिन शादी रह जाएंगे हम आशिक कुंवारे हाय बैचलर टिल डेथ न रहोगे बच्लोरे मिल जाएगी हमसफ़र जब मिलना लिखा है मेरे यार ज़रा तुम कर लो इंतज़ार मिलेगा प्यार बस उस पल का वेट कर रखो ब्रोकन दिल समेत कर प्यार में कभी न मान हार एक दिन होना ही है उसको तुमसे प्यार प्यार में सबसे अच्छा गिफ्ट है प्यार ही प्यार बस प्यार ऐसा क्या प्यार में सबसे अच्छा गिफ्ट है प्यार ही प्यार बस प्यार प्यार में सबसे अच्छा गिफ्ट है प्यार ही प्यार बस प्यार प्यार में सबसे अच्छा गिफ्ट है प्यार ही प्यार बस प्यार प्यार में सबसे अच्छा गिफ्ट है प्यार ही प्यार बस प्यार प्यार में सबसे अच्छा गिफ्ट है प्यार ही प्यार बस प्यार प्यार में सबसे अच्छा गिफ्ट है प्यार ही प्यार बस प्यार प्यार में सबसे अच्छा गिफ्ट है प्यार ही प्यार बस प्यार प्यार में सबसे अच्छा गिफ्ट है प्यार ही प्यार बस प्यार प्यार में सबसे अच्छा गिफ्ट है प्यार ही प्यार बस प्यार प्यार में सबसे अच्छा गिफ्ट है प्यार ही प्यार बस प्यार
Khaike Paan Banaras Wala,Kishore Kumar,Meri Awaaz Suno - Kishore Kumar,2017-04-25,एरर फेचिंग थे सर्च रिजल्ट्स
Eena Meena Deeka,Kishore Kumar,Meri Awaaz Suno - Kishore Kumar,2017-04-25,ीना मीणा डीके दाई दामोनिका माका नाका नाका चीका पीके रीका ीना मीणा डीके डीके दे दाई दामोनिका माकानाका माकानाका चीका पीके रोला रीका राम पाम पॉश राम पाम पॉश दिल बेचूं है कोई लेने वाला ऐसे वैसे को नहीं देने वाला दिल बेचूं है कोई लेने वाला ऐसे वैसे को नहीं देने वाला सूरतियाँ हसीं हो ुमारियाँ जवान हो कोई भी उसे देखे तो बस ये गुमान हो यही है यही है यही तो है वह ीना मीणा डीके ीना मीणा डीके अरे दाई दामोनिका दाई दामोनिका माका नाका नाका माका नाका नाका अरे चीका पीके रीका चीका पीके रीका अरे ीना मीणा डीके डीके दे दाई दामोनिका माकानाका माकानाका चीका पीके रोला रीका राम पाम पॉश राम पाम पॉश मत सोचो के सस्ता है सौदा फल पाए ले जाएगा जो पौधा मत सोचो के सस्ता है सौदा फल पाए ले जाएगा जो पौधा दिल की ये क्यारी बनेगी फुलवारी ये दुनिया जलेगी जलन की है मारी हँसेगी हँसेगी हँसेगी मेरी प्यारी ोा ीना मीणा डीके अरे दाई दामोनिका अरे माका नाका नाका अरे चीका पीके रीका अरे ीना मीणा डीके डीके दे दाई दामोनिका माकानाका माकानाका चीका पीके रोला रीका राम पाम पॉश राम पाम पॉश यह शर्तें तोह बड़ी हैं ज़रूरी जो कोई करेगा इन्हें पूरी मैं ख़ुशी ख़ुशी उसे ये दिल दे दूंगा क़सम खा रहा हूँ के दाम भी न लूँगा मगर ये कहूंगा मगर ये कहूंगा क्या यही है यही है यही तो है वह ीना मीणा डीके ीना मीणा डीके अरे दाई दामोनिका दाई दामोनिका माका नाका नाका माका नाका नाका अरे चीका पीके रीका चीका पीके रीका अरे ीना मीणा डीके डीके दे दाई दामोनिका माकानाका माकानाका चीका पीके रोला रीका राम पाम पॉश राम पाम पॉश राम पाम पॉश राम पाम पॉश राम पाम पॉश राम पाम पॉश
Ek Ladki Bheegi Bhagi Si,Kishore Kumar,Meri Awaaz Suno - Kishore Kumar,2017-04-25,इक लड़की भीगी भागी सी सोती रातो में जगी सी मिली इक अजनबी से कोई आगे ना पीछे तुम ही कहो यह कोई बात है हम्म इक लड़की भीगी भागी सी सोती रातो में जगी सी मिली इक अजनबी से कोई आगे ना पीछे तुम ही कहो यह कोई बात है हम्म दिल ही दिल में चली जाती हैं बिगड़ी बिगड़ी चली आती हैं दिल ही दिल में चली जाती हैं बिगड़ी बिगड़ी चली आती हैं दुँधलाती हुवी बलखाती हुवी सावन के सूनी रातो में मिली इक अजनबी से कोई आगे ना पीछे तुम ही कहो यह कोई बात है हम्म इक लड़की भीगी भागी सी सोती रातो में जगी सी मिली इक अजनबी से कोई आगे ना पीछे तुम ही कहो यह कोई बात है हम्म डगमग डगमग लेहकी लेहकी भूली बढ़ की बहकी बहकी डगमग डगमग लेहकी लेहकी भूली बढ़ की बहकी बहकी मछली मछली घरसे निकली पगली सी कली रातो में मिली इक अजनबी से कोई आगे ना पीछे तुम ही कहो यह कोई बात है हम्म इक लड़की भीगी भागी सी सोती रातो में जगी सी मिली इक अजनबी से कोई आगे ना पीछे तुम ही कहो यह कोई बात है हम्म तन भीगा है सर गिला है उसका कोई पेच भी ढीला है तन भीगा है सर गिला है उसका कोई पेच भी ढीला है तन टी झुकती चलती रुकती निकली अंधेरी रातो में मिली इक अजनबी से कोई आगे ना पीछे तुम ही कहो यह कोई बात है हम्म इक लड़की भीगी भागी सी सोती रातो में जगी सी मिली इक अजनबी से कोई आगे ना पीछे तुम ही कहो यह कोई बात है
Mana Janab Ne Pukara Nahin,Kishore Kumar,Meri Awaaz Suno - Kishore Kumar,2017-04-25,एरर फेचिंग थे सर्च रिजल्ट्स
Yeh Sham Mastani,Kishore Kumar,Vintage King: Rajesh Khanna,2015-06-23,एरर फेचिंग थे सर्च रिजल्ट्स
Sadka,Vishal-Shekhar,I Hate Luv Storys (Original Motion Picture Soundtrack),2010-05-25,एरर फेचिंग थे सर्च रिजल्ट्स
Jab Mila Tu,Vishal-Shekhar,I Hate Luv Storys (Original Motion Picture Soundtrack),2010-05-25,जैसे घडी के घिरा से वक़्त कहीं पे घिरा हो जैसे रौशनी सुबह से हो जाये जुड़ा जैसे गाने और नज़म से सुर कोई चुराले वैसे आधा अधूरा में तेरे बिना जब मिला तू रु तू रु तू रु तू रु तू न थी कमी न जुस्तजू रु तू रु तू और आधे आधे पल हुए फिर पूरे यूँ जब मिला तू रु तू ऋतु रु तू रु तू खाली जो रात हो मैं ख्वाबों चाँद तारों से वह पूरी भर दूँ तेरी जो बात हो मैं बिन कहे ही आधी पौनी पूरी कर दूँ जो ाशे से हम हैं वह पूरे हो तुमसे अधूरे से किस्से बर्बर के हिस्से तू दिल में तो में दुआ जब मिला तू रु तू रु तू न कमी न जुस्तजू रु तू रु तू और आधे आधे पल हुए फिर पूरे यूँ जब मिला तू रु तू रु तू रु तुरु तू कल तू जो खोयी हो तो गुमशुदा यह ज़िन्दगी बसर कर दूँ मंज़िल जो सोई हो तो ख्वाब सारे तेरे ही नज़र कर दूँ तो आधे से दिल को जो लाएगी भी तो मैं सौ ख्वाइशों से ही बार दूँ दबो करे न यह तू तू अभी के अभी तू जब मिला तू रु तू रु तू रु तू रु तू न थी कमी न जुस्तजू रु तू रु तू आधे ाहदे पल हुए फिर पूरे यूँ जब मिला तू रु तू रु तू रु तू जैसे घडी के घिरा से वक़्त कहीं पे घिरा हो जैसे रौशनी सुबह से हो जाये जुड़ा जैसे गाने और नज़म से सुर कोई चुराले वैसे आधा अधूरा में तेरे बिना जब मिला तू रु तू रु तू रु तू रु तू न थी कमी न जुस्तजू रु तू रु तू और आधे आधे पल हुए फिर पूरे यूँ जब मिला तू रु तू ऋतु रु तू रु तू
Ishq Wala Love,Vishal-Shekhar,Student of the Year (Original Motion Picture Soundtrack),2012-08-31,सुर्ख वाला सौज वाला फैज़ वाला लव होता है जो लव से ज्यादा वैसे वाला लव इश्क़ वाला लव हुआ जो दर्द भी तोह हम को आज कुछ ज़्यादा हुआ इश्क़ वाला लव ये क्या हुआ है क्या खबर एहि पता है ज़्यादा हुआ इश्क़ वाला लव अगर ये उसको भी हुआ है फिर भी मुझको ज़्यादा हुआ इश्क़ वाला लव मेरी नींद जैसे पहली बार टूटी है आँखें मालके के मैंने देखि है सुबह हुई धुप ज़्यादा लेके तेरी रौशनी दिन चढ़ा इश्क़ वाला लव झांके बादलों की जाली के पीछे से करे चांदनी ये मुझको इत्तला लेके नूर सारा चाँद मेरा यहीं पे है छुपा छुपा हुआ इश्क़ वाला लव हुआ जो दर्द भी तोह हम को आज कुछ ज़्यादा हुआ इश्क़ वाला लव ये क्या हुआ है क्या खबर एहि पता है ज़्यादा हुआ इश्क़ वाला लव अगर ये उसको भी हुआ है फिर भी मुझको ज़्यादा हुआ इश्क़ वाला लव जो ऐसे होता जो मिलते तुम हो जाते गम साथ मेरे होते होते होगा समझाए हम थम जाए तुम ो दिल मेरे टूटा ज़्यादा ज़्यादा तारा जब गिरा ज़रा ज़्यादा ज़्यादा मांगू दिल तेरा कभी ज़्यादा ज़्यादा माने न दिल ये सरफिरा इश्क़ वाला लव बड़ा ये दिल नादान था पर आज कुछ ज़्यादा हुआ इश्क़ वाला लव जो खोने का था दर तुझे पता नहीं क्यों ज़्यादा हुआ इश्क़ वाला लव हुआ जो दर्द भी कभी तोह हम को आज कुछ ज़्यादा हुआ इश्क़ वाला लव ये क्या हुआ है क्या खबर एहि पता है ज़्यादा हुआ इश्क़ वाला लव अगर ये उसको भी हुआ फिर भी मुझको ज़्यादा हुआ इश्क़ वाला लव सुर्ख वाला सौज वाला फैज़ वाला लव इश्क़ वाला लव होता है जो लव से ज्यादा वैसे वाला लव इश्क़ वाला लव सुर्ख वाला सौज वाला फैज़ वाला लव इश्क़ वाला लव होता है जो लव से ज्यादा वैसे वाला लव इश्क़ वाला लव
Sapna Jahan ,Ajay-Atul,"Sapna Jahan (From ""Brothers"")",2015-07-24,सपना जहाँ दस्तक न दे चौखट थी वह आँखें मेरी बातों से थी तादाद में खामोशियाँ जाना मेरी जब से पड़े तेरे कदम चलने लगी दुनिया मेरी मेरे दिल में जगह खुदा की खली थी देखा वहां पे आज तेरा चेहरा है मैं भटकता हुआ सा एक बदल हूँ जो तेरे आसमान पे आके ठहरा है तू रूह है तोह मैं काय बनु ताउम्र मैं तेरा साया बनु केहड़े तोह बन जाऊं बेराग मैं केहड़े तोह मैं तेरी माया बनु तू साज़ है मैं रागनी तू रात है मैं चांदनी मेरे दिल में जगह खुदा की खली भी देखा वहां पे आज तेरा चेहरा है मैं भटकता हुआ सफ़ेद बदल हूँ जो तेरे आसमान पे आके ठहरा है हम पे सितारों का एहसान हो पूरा अधूरा हर अरमान हो एक दुसरे से जो बांधे हमें बाहों में नन्ही सी एक जान हो आबाद हो छोटा सा घर लग्न सके किसी की नज़र मेरे दिल में जगह खुदा की खली भी देखा वहां पे आज तेरा चेहरा है मैं भटकता हुआ सफ़ेद बदल हूँ जो तेरे आसमान पे आके ठहरा है
Naach Meri Jaan ,Pritam,"Naach Meri Jaan (From ""Tubelight"")",2017-06-01,इ नाच मेरी जान फ़टाफ़टफात नाच मेरी जान फ़टाफ़टफात बात मेरी मान फ़टाफ़टफात बात मेरी मान फटाफट ये ज़माना ये तराना नया फटाफट ये ज़माना ये तराना नया फटाफट नाच मेरी जान फ़टाफ़टफात बात मेरी मान फ़टाफ़टफात देखो देखो देखो देखो नए डांस का नमूना देखो देखो देखो देखो नए डांस का नमूना कभी मैं तुम्हे छुंगा कभी तुम मुझे छूना कभी मैं तुम्हे छुंगा कभी तुम मुझे छूना मुझे छू मुझे छू मुझे छू मुझे छू मुझे छू मुझे छू मुझे छू नया ताल नयी तान फटफट्फअत नाच मेरी जान फ़टाफ़टफात बात मेरी मान फ़टाफ़टफात नाच मेरी जान फटाफट ये ज़माना ये तराना नया फटाफट ये ज़माना ये तराना नया फटाफट ठंडी ठंडी ठंडी ठंडी इस रेट का बिछोना ठंडी ठंडी ठंडी ठंडी इस रेट का बिछोना खेलें प्यार वाला खेल लेके दिल का खिलौना खेलें प्यार वाला खेल लेके दिल का खिलौना ी लव यू ी लव यू ी लव यू ी लव यू ी लव यू ी लव यू ी लव यू हां देखे सारा ये जहां फताफायटफकट नाच मेरी जान आय फ़टाफ़टफात बात मेरी मान ोय फ़टाफ़टफात नाच मेरी जान ऐ फटाफट ये ज़माना ये तराना नया फटाफट ये ज़माना ये तराना नया फटाफट तेरी मेरी जोड़ी प्यारी तू है शोला मैं चिंगारी तेरी मेरी जोड़ी प्यारी तू है शोला मैं चिंगारी तेरे रूप का मैं मारा मेरे प्यार की तू मारी तेरे रूप का मैं मारा मेरे प्यार की तू मारी मेरा तू मेरी तू मेरा तू मेरी तू मेरा तू मेरा तू मेरा तू आ मैं हूँ तीर तू कमान फ़टाफ़टफात नाच मेरी जान फ़टाफ़टफात बात मेरी मान फ़टाफ़टफात ऐ नाच मेरी जान फटाफट ये ज़माना ये तराना नया फटाफट ये ज़माना ये तराना नया फटाफट
Jai Ho! ,A.R. Rahman,Jai Ho! (You Are My Destiny),2009-01-01,शक्तिशाली अविनाशी हारे ना जो हाँ मैं ही तोह हूँ वह मैं से खंजर तन्न से पत्थर होगा अब घायल मुझसे लड़ेगा जो जितना हराओ उतना विजयी हु मैं प्रलय हु युद्ध करे कोई तो भीम हु मैं अर्जुन भी हु अखाडा हो या रणभूमि हो जय होऊ जय होऊ जय होऊ जय होऊ जय होऊ जय होऊ जय होऊ जय होऊ जय होऊ जय होऊ जय होऊ जय होऊ
Dance Basanti ,Sachin-Jigar,#Hashmania (Emraan Hashmi's Biggest Hits!),2015-05-07,डांस क्मों क्मों डांस डा डा डा डांस निगोड़ी तेरा ठुमका बड़ा किंकी किंकी टाइप डा निगोड़ी तेरा झुमका बड़ा फूंकी फूंकी टाइप डा कटीली तेरी अँखियाँ जैसे नौक नुकीली नाइफ डा नई गोरी तेरा नखरा बड़ा चाणक्य पनकी टाइप डा किसी हिट गाने पे जो कमर मटका देगी तू फटीचर से यह दिल बन जायेगा शेह्ज़ादा ऊँची वाली हील पहनकर डांस बसंती डा डा डांस बसंती डा डा डांस बसंती हो हर लिमिट की हाइट पे चढ़कर डा डा डांस बसंती डांस बसंती डा डा डांस बसंती क्मों क्मों डांस बसंती डांस डांस डांस डा डा डांस ो व्हेन सी में यू जो वाइल्ड ॉव माय लव यू वांट आईटी नाउ नाउ यू सी में डंकिन उप थे स्टार यू क्नोव तहत आईएम तहत बोल्ड व्हेन ी पंप आईटी उप ों थे फ्लोर और ी क्नोव आल बॉयज जो ों ोूफ ो एंड इलल बे शेक आईटी उप टेक आईटी उप ब्रेकिंग आईटी उप आईएम गोंना बे फंक आईटी उप व्हाट हे बसंती तेरे घर एड्रेस बोल दे बसंती तेरे दिल का तू गेट खोल दे बसंती विस्फोटक बस एक स्माइल है तू सर से पाऊँ तक पूरी मिसाइल है किसी हिट गाने पे जो कमर मटका देगी तू पूरा नहीं ते चैन मिल जाए पौने आधा आशिक़ों से डील तू करके तू डांस बसंती डा डा डा डांस बसंती डा डा डा डांस डांस डांस बसंती शेक तहत बंग बंग बंग निगोड़ी तेरा ठुमका बड़ा किंकी किंकी टाइप डा निगोड़ी तेरा झुमका बड़ा फूंकी फूंकी टाइप डा कटीली तेरी अँखियाँ जैसे नौक नुकीली नाइफ डा नई गोरी तेरा नखरा बड़ा चाणक्य पनकी टाइप डा किसी हिट गाने पे जो कमर मटका देगी तू फटीचर से यह दिल बन जायेगा शेह्ज़ादा ऊँची वाली हील पहनकर डांस बसंती डा डा डांस बसंती डा डा डांस बसंती हो हर लिमिट की हाइट पे चढ़कर डा डा डांस बसंती डांस बसंती डा डा डांस बसंती क्मों क्मों डांस बसंती डांस डांस डांस डा डा डांस ी वांट व्हेन सी में यू जो वाइल्ड ॉव माय लव यू वांट आईटी नाउ नाउ यू सी में डंकिन उप थे स्टार यू क्नोव तहत आईएम तहत बोल्ड ी क्नोव आल बॉयज जो ों ोूफ ो एंड इलल बे शेक आईटी उप टेक आईटी उप ब्रेकिंग आईटी उप आईएम गोंना बे फंक आईटी उप डा डा डांस बसंती
Kabhi Khushi Kabhie Gham,Jatin-Lalit,Kabhi Khushi Kabhie Gham (Original Motion Picture Soundtrack),2001-11-28,आ आ आ आ आ आ कभी ख़ुशी कभी ग़म न जुड़ा होंगे हम कभी ख़ुशी कभी ग़म आ आ आ आ आ आ आ आ आ आ मेरी साँसों में तू है समाया मेरा जीवन तो है तेरा साया मेरी साँसों में तू है समाया मेरा जीवन तो है तेरा साया तेरी पूजा करून मैं तो हरदम यह है तेरे करम कभी ख़ुशी कभी ग़म न जुड़ा होंगे हम कभी ख़ुशी कभी ग़म मेरी साँसों में तू है समाया मेरा जीवन तो है तेरा साया तेरी पूजा करून मैं तो हरदम यह है तेरे करम कभी ख़ुशी कभी ग़म न जुड़ा होंगे हम कभी ख़ुशी कभी ग़म सुबह श्याम चरणों में दिए हम जलाएं देखें जहाँ भी देखें तुझको ही पाएं सुबह श्याम चरणों में दिए हम जलाएं देखें जहाँ भी देखें तुझको ही पाएं इन लबों पे तेरा बस तेरा नाम हो इन लबों पे तेरा बस तेरा नाम हो प्यार दिल से कभी भी न हो काम यह है तेरे करम कभी ख़ुशी कभी ग़म न जुड़ा होंगे हम कभी ख़ुशी कभी ग़म यह घर नहीं है मंदिर है तेरा इस में सदा रहे तेरा बसेरा यह घर नहीं है मंदिर है तेरा इस में सदा रहे तेरा बसेरा खुश्बूं से तेरी यह महेकता रहें खुश्बूं से तेरी यह महेकता रहें आये जाए भले ही कोई मौसम यह है तेरे करम कभी ख़ुशी कभी ग़म न जुड़ा होंगे हम कभी ख़ुशी कभी ग़म मेरी साँसों में तू है समाया मेरा जीवन तो है तेरा साया मेरी साँसों में तू है समाया मेरा जीवन तो है तेरा साया तेरी पूजा करून मैं तो हरदम यह है तेरे करम कभी ख़ुशी कभी ग़म न जुड़ा होंगे हम कभी ख़ुशी कभी ग़म आ आ आ आ आ आ कभी ख़ुशी कभी ग़म न जुड़ा होंगे हम कभी ख़ुशी कभी ग़म
Luka Chuppi,A.R. Rahman,Rang De Basanti (Original Motion Picture Soundtrack),2005-12-04,लुका चुप्पी बहुत हुयी सामने आ जा ना कहाँ कहाँ ढूँढा तुझे थक गयी है अब तेरी माँ आजा सांझ हुई मुझे तेरी फ़िक्र धुंधला गयी देख मेरी नज़र आ जा न आजा सांझ हुई मुझे तेरी फ़िक्र धुंधला गयी देख मेरी नज़र आ जा न क्या बताऊँ माँ कहाँ हूँ मैं यहाँ उड़ने को मेरे खुला आसमान है तेरे किस्सों जैसा भोला सलोना जहाँ हैं यहाँ सपनो वाला मेरी पतंग हो बेफिक्र उड़द रही है माँ डोर कोई लुटे नहीं बीच से काटे न आजा सांझ हुई मुझे तेरी फ़िक्र धुंधला गयी देख मेरी नज़र आ जा न तेरी राह ताके आंखियां जाने कैसा कैसा होये जिया तेरी राह ताके आंखियां जाने कैसा कैसा होये जिया धीरे धीरे आँगन उतरे अँधेरा मेरा डीप कहाँ ढलके सूरज करे इशारा चंदा तू है कहाँ मेरे चंदा तू है कहाँ लुका चुप्पी बहुत हुयी सामने आ जा ना कहाँ कहाँ ढूँढा तुझे थक गयी है अब तेरी माँ आजा सांझ हुई मुझे तेरी फ़िक्र धुंधला गयी देख मेरी नज़र आ जा न आजा सांझ हुई धुंधला गयी देख मेरी नज़र आ जा न कैसे तुझको दिखाऊं यहाँ है क्या मैंने झरने से पानी माँ तोड़ के पिया है गुच्छा गुच्छा कई ख्वाबों का उछाल के चुवा है छाया लिए भली धुप यहाँ है नया नया सा है रूप यहाँ यहाँ सब कुछ है माँ फिर भी लगे बिन तेरे मुझको अकेला आजा सांझ हुई मुझे तेरी फ़िक्र धुंधला गयी देख मेरी नज़र आ जा न आजा सांझ हुई मुझे तेरी फ़िक्र धुंधला गयी देख मेरी नज़र आ जा न आजा सांझ हुई मुझे तेरी फ़िक्र धुंधला गयी देख मेरी नज़र आ जा न
Radha Kaise Na Jale,A.R. Rahman,Lagaan (Original Motion Picture Soundtrack),2001-04-03,मधुबन में जो कन्हैया किसी गोपी से मिले कभी मुस्काये कभी छेड़े कभी बात करे राधा कैसे न जले राधा कैसे न जले आग तन मैं में लगे राधा कैसे न जले राधा कैसे न जले मधुबन में भले कान्हा किसी गोपी से मिले मैं में तो राधा के ही प्रेम के हैं फूल खिले किस लिए राधा जले किस लिए राधा जले बिना सोचे समझे किस लिए राधा जले किस लिए राधा जले ो गोपियाँ तारें हैं चाँद है राधा फिर क्यूँ है उसको बिस्वास आधा ो गोपियाँ तारें हैं चाँद है राधा फिर क्यूँ है उसको बिस्वास आधा कान्हाजी का जो सदा इधर उधर ध्यान रहे राधा बेचारी को फिर अपने पे क्या मान रहे गोपियाँ आणि जानी हैं राधा तो मैं की रानी है गोपियाँ आणि जानी हैं राधा तो मैं की रानी है सांझ सखारे जमना किनारे राधा राधा ही कान्हा पुकारे ोये होये ोये होये बाहों के हार जो डाले कोई कान्हा के गले राधा कैसे न जले राधा कैसे न जले आग तन मैं में लगे राधा कैसे न जले राधा कैसे न जले मैं में है राधे को कान्हा जो बसाये तो कान्हा काहे को उससे न बताये प्रेम की अपनी अलग बोली अलग भासा है बात नैनों से हो कान्हा की यही आसा है कान्हा के यह जो नैना हैं छीने गोपियों के चाइना हैं कान्हा के यह जो नैना हैं छीने गोपियों के चाइना हैं मिली नजरिया हुई बावरिया गोरी गोरी सी कोई गुजरिया कान्हा का प्यार किसी गोपी के मैं में जो पीला किस लिए राधा जले राधा जले राधा जले राधा कैसे न जले किस लिए राधा जले राधा कैसे न जले किस लिए राधा जले किस लिए राधा जले राधा कैसे न जले किस लिए राधा जले किस लिए राधा जले आह आह आह आह राधा कैसे न जले राधा कैसे न जले राधा कैसे न जले
Chura Liya Hai Tumne Jo Dil Ko,Asha Bhosle,"Legends: Asha Bhosle - The Enchantress, Vol. 4",2013-03-05,चुरा लिया है तुमने जो दिल को नज़र नहीं चुराना सनम बदलके मेरी तुम ज़िंदगानी कहीं बदल न जाना सनम ओह ले लिया दिल ओह है मेरा दिल है दिल लेकर मुझको न बहलाना चुरा लिया है तुमने जो दिल को नज़र नहीं चुराना सनम बदलके मेरी तुम ज़िंदगानी कहीं बदल न जाना सनम बहार बांके आऊं कभी तुम्हारी दुनिया में गुज़र न जाए यह दिन कहीं इसी तमन्ना में बहार बांके आऊं कभी तुम्हारी दुनिया में गुज़र न जाए यह दिन कहीं इसी तमन्ना में तुम मेरे हो हो तुम मेरे हो आज तुम इतना वादा करते जाना चुरा लिया चुरा लिया है तुमने जो दिल को नज़र नहीं चुराना सनम बदलके मेरी तुम ज़िंदगानी कहीं बदल न जाना सनम हो सजाऊंगा लूटकर भी तेरे बदन की डाली को लहू जिगर का दूंगा हसीं लबों की लाली को सजाऊंगा लूटकर भी तेरे बदन की डाली को लहू जिगर का दूंगा हसीं लबों की लाली को है वफ़ा क्या इस जहां को एक दिन दिखला दूंगा मैं दीवाना चुरा लिया चुरा लिया है तुमने जो दिल को नज़र नहीं चुराना सनम बदलके मेरी तुम ज़िंदगानी कहीं बदल न जाना सनम ले लिया दिल है मेरा दिल है दिल लेकर मुझको न बहलाना चुरा लिया है तुमने जो दिल को नज़र नहीं चुराना सनम हम हम हम हम हम हम हम हम हम हम हम हम हम हम हम हम
Mitwa,Shankar-Ehsaan-Loy,Kabhi Alvida Naa Kehna (Original Motion Picture Soundtrack),2006-06-08,हर संत कहे साधू कहे सच और साहस है जिसके मैं में अंत में जीत उसीकी रहे आजा रे आजा रे आजा रे आजा रे भले कितने लम्बे हो रस्ते हो थके न तेरा यह तन हो आजा रे आजा रे सुन ले पुकारे डगरिया रहे न यह रस्ते तरसते हो तू आजा रे इस धरती का है राजा तू यह बात जान ले तू कठिनाई से टकरा जा तू नहीं हार मान ले तू मितवा सुन मितवा तुझको क्या डर है रे यह धरती अपनी है अपना अम्बर है रे ो मितवा सुन मितवा तुझको क्या डर है रे धरती अपनी है अपना अम्बर है रे तू आजा रे सुन लो रे मितवा जो है तुमरे मैं में वही हमरे मैं में जो सपना है तुमरा सपना वही हमरा है जीवन में हाँ चले हम लिए आसा के दिए नयनन में दिए हमरी आशाओं के कभी बुझ न पाए कभी आंधियां जो आके इनको बुझाये ो मितवा सुन मितवा तुझको क्या डर है रे यह धरती अपनी है अपना अम्बर है रे ो मितवा सुन मितवा तुझको क्या डर है रे धरती अपनी है अपना अम्बर है रे तू आजा रे ता न ता न न न ता न न न न न ता न ता न न न ता न न न न ता न ता न न न ता न न न न न आजा रे ता न ता न न न ता न न न न न ता न ता न न न ता न न न न ता न ता न न न ता न न न न न आजा रे सुन लो रे मितवा पुरवा भी जाएगी मस्ती भी छाएगी मिलके पुकारो तो फूलों वाली जो रुत है आएगी हाँ सुख भरे दिन दुःख के बिनलायेगी हम तुम सजाये आओ रंगों के मेले रहते हो बोलो काहे तुम यूँ अकेले मितवा सुन मितवा तुझको क्या डर है रे यह धरती अपनी है अपना अम्बर है रे ो मितवा सुन मितवा तुझको क्या डर है रे यह धरती अपनी है अपना अम्बर है रे तू आजा रे हर संत कहे साधू कहे सच और साहस है जिसके मैं में अंत में जीत उसीकी रहे ो मितवा सुन मितवा तुझको क्या डर है रे यह धरती अपनी है अपना अम्बर है रे ो मितवा सुन मितवा तुझको क्या डर है रे यह धरती अपनी है अपना अम्बर है रे ो मितवा सुन मितवा तुझको क्या डर है रे यह धरती अपनी है अपना अम्बर है रे ो मितवा सुन मितवा तुझको क्या डर है रे यह धरती अपनी है अपना अम्बर है रे तू आजा रे तू आजा रे तू आजा रे तू आजा रे
Maa Tujhe Salaam,A.R. Rahman,Vande Mataram,1997-09-26,वनडे मातरम वनडे मातरम वनडे मातरम वनडे मातरम वनडे मातरम वनडे मातरम वनडे मातरम वनडे मातरम यहाँ वहां सारा जहाँ देख लिया है कही भी तेरे जैसा कोई नहीं है अस्सी नहीं सौ दिन दुनिया घूमा है नाही काहे तेरे जैसा कोई नहीं मैं गया जहाँ भी बस तेरी याद थी जो मेरे साथ थी मुझको तड़पाती रुलाती सब से प्यारी तेरी सूरत प्यार है बस तेरा प्यार ही माँ तुझे सलाम माँ तुझे सलाम अम्मा तुझे सलाम वनडे मातरम वनडे मातरम वनडे मातरम वनडे मातरम वनडे मातरम वनडे मातरम वनडे मातरम वनडे मातरम चाँद के पहाड़ में तेरा हूँ दीवाना मैं झूमउ नाचूँ गौ तेरे प्यार का तराना मैं जीना नहीं सोच नहीं दुनिया की दौलत नहीं बस लूटूँगा तेरे प्यार का खज़ाना एक नज़र जब तेरी होती है प्यार की दुनिया तब तो मेरी चमके डंके महके रे तेरा चेहरा सूरज जैसा चाँद सी ठण्ड है प्यार में वनडे मातरम वनडे मातरम वनडे मातरम वनडे मातरम वनडे मातरम वनडे मातरम वनडे मातरम वनडे मातरम वनडे मातरम तेरे पास ही मैं आ रहा हूँ अपनी बाहें खोल दे ज़ोर से मुझको गले लगा ले मुझको फिर वह प्यार दे तू ही ज़िन्दगी है तू ही मेरी मोहब्बत है तेरे ही पैरों में जन्नत है तू ही दिल तू जान अम्मा माँ तुझे सलाम माँ तुझे सलाम अम्मा तुझे सलाम माँ तुझे सलाम वनडे मातरम वनडे मातरम वनडे वनडे मातरम वनडे मातरम वनडे वनडे मातरम वनडे मातरम वनडे वनडे मातरम वनडे मातरम वनडे वनडे मातरम वनडे मातरम वनडे मातरम वनडे मातरम वनडे मातरम वनडे मातरम वनडे मातरम वनडे मातरम
Rang De Basanti,A.R. Rahman,Rang De Basanti (Original Motion Picture Soundtrack),2005-12-04,डिंग डिंग डिंग डिंग डिंग डिंग डिंग डिंग डिंग डिंग डिंग डिंग थोडीसी धूल मेरी धरती की मेरे वतन की थोडीसी धूल मेरी धरती की मेरे वतन की थोडीसी खुशबु बौराई से मस्त पवन की थोडीसी ढूंढने वाली धक् धक् धक् धक् धक् धक् सांसें जिन में हो जूनून जूनून वो बूंदे लाल लहू की यह सब तू मिला मिला ले फिर रंग तू खिला खिला ले यह सब तू मिला मिला ले फिर रंग तू खिला खिला ले और मोहे तू रंग दे बसंती यारा मोहे तू रंग दे बसंती मोहे मोहे तू रंग दे बसंती मोहे मोहे तू रंग दे बसंती मोहे मोहे तू रंग दे बसंती मोहे मोहे तू रंग दे बसंती मोहे मोहे तू रंग दे बसंती मोहे मोहे तू रंग दे बसंती मोहे मोहे तू रंग दे बसंती मोहे मोहे तू रंग दे बसंती मोहे मोहे तू रंग दे बसंती ओह मोहे रंग दे बसंती बसंती रंग दे बसंती ओह मोहे रंग दे बसंती बसंती रंग दे बसंती डिंग डिंग डिंग डिंग डिंग डिंग डिंग डिंग डिंग डिंग डिंग डिंग डिंग डिंग डिंग डिंग डिंग डिंग डिंग डिंग डिंग डिंग डिंग डिंग सपनें रंग दे अपने रंग दे खुशियां रंग दे गम भी रंग दे नस्लें रंग दे फसलें रंग दे रंग दे धड़कन रंग दे सरगम और मोहे तू रंग दे बसंती यारा मोहे तू रंग दे बसंती थोडीसी धूल मेरी धरती की मेरे वतन की थोडीसी धूल मेरी धरती की मेरे वतन की थोडीसी खुशबु बौराई से मस्त पवन की थोडीसी ढूंढने वाली धक् धक् धक् धक् धक् धक् सांसें जिन में हो जूनून जूनून वो बूंदे लाल लहू की यह सब तू मिला मिला ले फिर रंग तू खिला खिला ले यह सब तू मिला मिला ले फिर रंग तू खिला खिला ले और मोहे तू रंग दे बसंती यारा मोहे तू रंग दे बसंती धीमी आंच पे तू ज़रा इश्क़ चढ़ा थोड़े झरने ला थोड़ी नदी मिला थोड़े सागर आ थोड़ी गागर ला थोड़ा छिड़क छिड़क थोड़ा हिला हिला फिर एक रंग तू खिला खिला मोहे मोहे तू रंग दे बसंती यारा मोहे तू रंग दे बसंती बस्ती रंग दे हस्ती रंग दे हंस हंस रंग दे नस नस रंग दे बचपन रंग दे जोबन रंग दे अब देर न कर सचमुच रंग दे रंग रेज़ मेरे सब कुछ रंग दे मोहे मोहे तू रंग दे बसंती यारा मोहे तू रंग दे बसंती थोडीसी धूल मेरी धरती की मेरे वतन की थोडीसी धूल मेरी धरती की मेरे वतन की थोडीसी खुशबु बौराई से मस्त पवन की थोडीसी ढूंढ़ने वाली धक् धक् धक् धक् धक् धक् सांसें जिन में हो जूनून जूनून वो बूंदे लाल लहू की यह सब तू मिला मिला ले फिर रंग तू खिला खिला ले यह सब तू मिला मिला ले फिर रंग तू खिला खिला ले मोहे मोहे तू रंग दे बसंती यारा मोहे तू रंग दे बसंती मोहे मोहे तू रंग दे बसंती मोहे मोहे तू रंग दे बसंती मोहे मोहे तू रंग दे बसंती मोहे मोहे तू रंग दे बसंती मोहे मोहे तू रंग दे बसंती मोहे मोहे तू रंग दे बसंती मोहे मोहे तू रंग दे बसंती मोहे मोहे तू रंग दे बसंती मोहे मोहे तू रंग दे बसंती मोहे रंग दे बसंती बसंती रंग दे बसंती मोहे रंग दे बसंती बसंती रंग दे बसंती रंग दे रंग दे रंग दे बसंती डिंग डिंग डिंग डिंग डिंग डिंग डिंग डिंग डिंग डिंग डिंग डिंग डिंग डिंग डिंग डिंग डिंग डिंग डिंग डिंग डिंग डिंग डिंग डिंग मोहे रंग दे बसंती बसंती रंग दे बसंती बसंती मोहे रंग दे बसंती रंग दे बसंती रंग दे बसंती यारा
Zinda ,Shankar-Ehsaan-Loy,The Spirit of Bhaag Milkha Bhaag,2013-06-14,ज़िंदा हैं तोह प्याला पूरा भर ले कांचा फूटे चूरा कांच कर ले ज़िन्दगी का ये घड़ा ले एक सांस में चढ़ा ले हिचकियों में क्या है मरना पूरा मर ले कोयला काला है चट्टानों ने पाला अंदर काला बाहर काला पर सच्चा है साला कोयला काला है चट्टानों ने पाला अंदर काला बाहर काला पर सच्चा है साला ज़िंदा है तोह प्याला पूरा भर ले कांचा फूटे चूरा कांच कर ले कांचा फूटे चूरा कांच कर ले उलझे क्यों पैरों में ये ख्वाब क़दमों से रेशम खींच दे पीछे कुछ न आगे का हिसाब इस पल की क्यारी सींच दे आग जुबां पे रख दे फिर चोट के होठ भिगाएँगे घाव गुनगुनायेंगे तेरे दर्द गीत बन्न जाएंगे ज़िंदा है तोह प्याला पूरा भर ले कांचा फूटे चूरा कांच कर ले ज़िन्दगी का ये घड़ा ले एक सांस में चढ़ा ले हिचकियों में क्या है मरना पूरा मर ले कोयला काला है चट्टानों ने पाला अंदर काला बाहर काला पर सच्चा है साला कोयला काला है चट्टानों ने पाला अंदर काला बाहर काला पर सच्चा है साला
Masti Ki Paathshala,A.R. Rahman,Rang De Basanti (Original Motion Picture Soundtrack),2005-12-04,एरर फेचिंग थे सर्च रिजल्ट्स
